Age,Education,Dependents,Employment_Type,Years_Employed,Annual_Income,Monthly_Income,Credit_Score,Credit_History,Loan_Amount,Loan_Term,Existing_Debt,DTI_Ratio,Property_Value,Savings,Assets,Previous_Defaults,Existing_Loans,Loan_Status
25,Graduate,2,Self-Employed,8.9,624993.0,52083.0,687.0,Good,343023.0,60,516918.0,84.03,1537266.0,415543.0,2129326.0,1,0,1
55,Postgraduate,2,Contract,1.6,943285.0,78607.0,622.0,Good,1220083.0,48,325790.0,38.42,470384.0,851089.0,1639089.0,0,2,1
50,Postgraduate,1,Business,8.1,150000.0,12500.0,686.0,Fair,1162506.0,60,326612.0,95.0,2004279.0,612918.0,3290231.0,0,0,0
40,Postgraduate,0,Self-Employed,10.1,260874.0,21740.0,620.0,Fair,1471196.0,72,345132.0,95.0,1528907.0,444674.0,2267137.0,0,4,0
40,High School,0,Salaried,7.0,410050.0,34171.0,598.0,Good,1300520.0,72,0.0,6.34,4244192.0,434231.0,4917687.0,0,0,0
59,Graduate,1,Self-Employed,7.6,1029907.0,85826.0,698.0,Good,1484990.0,84,386204.0,39.97,0.0,461766.0,884353.0,0,2,1
24,Postgraduate,3,Salaried,1.8,723473.0,60289.0,691.0,Good,850310.0,60,335185.0,49.15,1977627.0,510655.0,2877525.0,0,0,0
52,Postgraduate,1,Salaried,7.5,849502.0,70792.0,723.0,Good,511798.0,48,496437.0,60.25,1991405.0,480274.0,2606147.0,0,0,1
30,Graduate,0,Salaried,9.6,353558.0,29463.0,844.0,Fair,1849493.0,60,433278.0,95.0,666387.0,304405.0,1681204.0,0,0,1
25,Graduate,1,Salaried,8.6,358921.0,29910.0,701.0,Poor,212987.0,72,255571.0,72.39,1904778.0,767715.0,2917616.0,0,0,0
44,Graduate,2,Salaried,9.9,766432.0,63869.0,716.0,Good,258069.0,36,527126.0,70.12,2646554.0,789827.0,3733656.0,0,1,1
64,Graduate,1,Self-Employed,14.1,665151.0,55429.0,599.0,Fair,1154308.0,36,235621.0,42.37,1906141.0,1124350.0,3390761.0,1,1,0
54,Postgraduate,1,Business,11.7,792672.0,66056.0,583.0,Fair,1631244.0,60,354375.0,49.65,3322909.0,288730.0,3930813.0,0,1,0
55,Graduate,0,Business,7.4,601206.0,50100.0,799.0,Good,985298.0,48,231547.0,43.43,0.0,733254.0,1288334.0,1,0,1
53,Graduate,1,Self-Employed,1.1,722317.0,60193.0,611.0,Good,1349687.0,72,401587.0,59.33,873543.0,0.0,1005561.0,1,0,1
56,Graduate,1,Self-Employed,4.0,691111.0,57593.0,602.0,Good,100000.0,36,217172.0,32.0,3422562.0,790165.0,4619403.0,0,1,1
44,Postgraduate,4,Salaried,5.9,852220.0,71018.0,677.0,Poor,675205.0,48,662461.0,80.11,2803229.0,0.0,3086143.0,0,0,1
26,Graduate,4,Business,8.3,859822.0,71652.0,673.0,Good,100000.0,36,743820.0,86.97,2394563.0,155484.0,2996592.0,0,2,0
58,Graduate,1,Self-Employed,4.6,228833.0,19069.0,612.0,Good,1251185.0,60,492266.0,95.0,3156537.0,616279.0,3979819.0,0,0,0
41,High School,0,Salaried,2.3,150000.0,12500.0,657.0,Good,203746.0,60,639085.0,95.0,0.0,282475.0,462392.0,0,0,0
43,High School,0,Salaried,1.1,910454.0,75871.0,772.0,Fair,324982.0,48,0.0,1.07,2675172.0,234576.0,3306163.0,0,2,1
37,Graduate,1,Contract,0.0,958809.0,79901.0,620.0,Good,1131311.0,48,0.0,3.54,2970807.0,330314.0,3622720.0,0,3,0
29,High School,2,Self-Employed,5.8,384638.0,32053.0,575.0,Poor,1377821.0,36,229257.0,73.93,1075430.0,755369.0,1916740.0,1,2,0
62,Postgraduate,2,Salaried,0.0,166443.0,13870.0,751.0,Good,828464.0,60,309071.0,95.0,4692161.0,173488.0,5384771.0,1,4,0
56,Postgraduate,1,Self-Employed,2.0,675749.0,56312.0,717.0,Poor,1156578.0,84,256394.0,40.88,2015984.0,481046.0,2893532.0,0,1,1
49,High School,1,Salaried,5.0,892018.0,74335.0,633.0,Good,1142005.0,72,0.0,2.56,0.0,367470.0,602629.0,0,2,1
39,Postgraduate,1,Salaried,0.3,1117375.0,93115.0,561.0,Good,803058.0,36,553350.0,52.4,2219399.0,786962.0,3162715.0,0,3,0
58,Graduate,2,Salaried,8.9,784237.0,65353.0,624.0,Fair,407383.0,60,773924.0,95.0,1008154.0,796773.0,2127753.0,1,1,0
45,Graduate,3,Salaried,10.7,553354.0,46113.0,676.0,Good,1154201.0,36,581817.0,95.0,3081495.0,0.0,3463592.0,0,1,1
40,Postgraduate,0,Self-Employed,4.3,417786.0,34816.0,767.0,Good,1175893.0,12,538815.0,95.0,2402738.0,865788.0,3199711.0,1,1,1
41,Graduate,2,Salaried,4.8,652977.0,54415.0,602.0,Fair,1302311.0,36,349746.0,61.54,1142286.0,286235.0,1753657.0,0,0,0
31,High School,3,Business,9.7,572191.0,47683.0,674.0,Good,1040430.0,24,114541.0,30.93,3452697.0,582702.0,4415910.0,1,0,0
25,High School,3,Salaried,3.4,386082.0,32174.0,731.0,Good,374175.0,36,315956.0,85.71,2833396.0,171382.0,2784288.0,0,3,1
45,Graduate,2,Self-Employed,3.1,1182676.0,98556.0,501.0,Fair,1210653.0,72,763229.0,66.58,889288.0,629897.0,1808423.0,1,1,0
60,Postgraduate,2,Self-Employed,13.0,1114144.0,92845.0,758.0,Fair,899379.0,36,222563.0,23.21,1632750.0,1392972.0,3414644.0,0,0,1
23,Graduate,3,Self-Employed,11.4,945373.0,78781.0,591.0,Good,682768.0,60,199909.0,22.88,2368608.0,544508.0,3279292.0,0,2,0
59,Graduate,1,Self-Employed,10.0,410579.0,34215.0,705.0,Good,767414.0,84,543607.0,95.0,1399310.0,339053.0,2148853.0,1,3,0
58,High School,2,Contract,11.6,872305.0,72692.0,699.0,Good,589384.0,60,558211.0,65.61,1432161.0,418744.0,2035392.0,0,2,0
33,Postgraduate,1,Self-Employed,0.0,816303.0,68025.0,761.0,Good,1299980.0,60,113462.0,17.72,1840398.0,0.0,1882417.0,0,1,1
49,Graduate,2,Business,13.8,765062.0,63755.0,721.0,Good,261848.0,60,242473.0,32.51,627622.0,1007137.0,1524810.0,0,4,1
28,Graduate,0,Business,9.0,974913.0,81243.0,502.0,Good,452931.0,24,189581.0,22.23,0.0,609509.0,1077954.0,0,0,0
55,Graduate,1,Salaried,12.1,815196.0,67933.0,621.0,Fair,752052.0,48,315332.0,41.45,2063048.0,132886.0,2586547.0,0,0,0
52,Graduate,0,Salaried,8.9,842404.0,70200.0,690.0,Good,1626188.0,60,542811.0,69.07,0.0,144289.0,627987.0,0,3,0
36,High School,1,Salaried,7.2,815596.0,67966.0,665.0,Good,1374426.0,72,123114.0,18.47,707657.0,505349.0,1317978.0,0,3,1
24,Graduate,2,Salaried,5.6,738606.0,61550.0,716.0,Fair,161622.0,72,539726.0,73.51,0.0,826198.0,1236965.0,0,0,1
64,Graduate,2,Salaried,8.8,186261.0,15522.0,739.0,Fair,1508106.0,72,322363.0,95.0,0.0,97154.0,46618.0,0,3,1
41,Graduate,4,Salaried,5.4,671741.0,55978.0,726.0,Fair,1507239.0,60,811762.0,95.0,2268991.0,889693.0,3234785.0,0,0,0
61,Postgraduate,0,Self-Employed,11.3,505390.0,42116.0,664.0,Good,371696.0,60,370143.0,75.0,1555461.0,467928.0,2298584.0,0,1,0
51,High School,4,Salaried,0.0,317241.0,26437.0,542.0,Good,100000.0,72,278678.0,88.47,1515759.0,174415.0,2072816.0,0,0,0
56,Graduate,1,Business,4.3,1087272.0,90606.0,646.0,Poor,867500.0,72,426437.0,40.82,352508.0,336308.0,1274618.0,0,2,1
55,High School,3,Salaried,17.2,1099539.0,91628.0,711.0,Good,1405091.0,60,225828.0,23.61,1078566.0,1111994.0,2392547.0,1,1,1
29,High School,3,Business,3.9,1003397.0,83616.0,598.0,Good,1616068.0,84,0.0,2.76,2214101.0,14125.0,2305076.0,0,1,0
37,Postgraduate,4,Salaried,5.8,716355.0,59696.0,727.0,Good,508128.0,72,247085.0,35.91,1742704.0,243837.0,2053111.0,0,5,0
42,Postgraduate,0,Salaried,2.6,1001163.0,83430.0,748.0,Fair,1688391.0,60,243615.0,28.38,2704941.0,833404.0,3650776.0,0,2,1
43,Postgraduate,4,Salaried,8.7,653134.0,54428.0,690.0,Good,100000.0,24,0.0,1.0,2861601.0,575760.0,4131566.0,0,0,1
22,High School,0,Self-Employed,3.3,702727.0,58561.0,450.0,Good,734377.0,36,283932.0,44.58,1522558.0,223066.0,2146999.0,1,2,0
45,Graduate,4,Salaried,6.1,365697.0,30475.0,584.0,Good,712255.0,72,0.0,3.9,0.0,837678.0,1310184.0,0,1,0
27,Graduate,3,Contract,11.2,753218.0,62768.0,821.0,Poor,1418552.0,24,223509.0,40.97,967691.0,854304.0,2024198.0,0,2,1
54,Postgraduate,2,Salaried,3.5,665700.0,55475.0,639.0,Good,1484236.0,48,353591.0,59.8,1692542.0,615987.0,2558199.0,0,5,1
51,Graduate,1,Self-Employed,10.9,311310.0,25942.0,531.0,Good,1329401.0,60,321339.0,95.0,945864.0,285661.0,1621378.0,0,1,0
62,Postgraduate,0,Salaried,11.1,636689.0,53057.0,773.0,Poor,292252.0,72,209565.0,33.83,639913.0,339593.0,1128346.0,2,1,1
54,High School,4,Self-Employed,12.3,629270.0,52439.0,681.0,Good,1288179.0,72,281183.0,48.78,1876728.0,599637.0,2668103.0,0,2,1
37,Graduate,3,Salaried,7.7,1117366.0,93114.0,763.0,Good,1129069.0,72,127506.0,13.43,4473333.0,40825.0,4629217.0,0,1,1
64,Postgraduate,4,Salaried,23.2,882495.0,73541.0,701.0,Good,147945.0,48,302380.0,34.77,1262993.0,964725.0,2388219.0,0,2,1
39,Graduate,3,Salaried,12.3,652976.0,54415.0,714.0,Good,100000.0,36,312779.0,48.51,1796914.0,1095073.0,3151783.0,0,1,1
35,Graduate,4,Salaried,8.6,714685.0,59557.0,707.0,Good,1367095.0,60,101945.0,18.86,356761.0,417416.0,859835.0,0,1,1
61,Graduate,4,Salaried,2.6,661495.0,55125.0,732.0,Good,818955.0,36,358894.0,59.21,3167741.0,624637.0,4099574.0,1,3,1
37,Postgraduate,2,Contract,6.5,597242.0,49770.0,850.0,Good,321668.0,60,357520.0,61.15,2762217.0,915031.0,3984164.0,1,0,1
24,High School,3,Salaried,14.1,368569.0,30714.0,753.0,Fair,806323.0,84,263434.0,75.23,2686308.0,1184446.0,4084904.0,0,1,0
42,Postgraduate,1,Salaried,15.5,610727.0,50894.0,561.0,Good,1063818.0,60,832630.0,95.0,3295775.0,1044943.0,4425226.0,0,0,0
56,Graduate,3,Contract,14.4,456014.0,38001.0,713.0,Good,862717.0,60,269045.0,63.54,1329925.0,0.0,1600918.0,0,3,1
29,Graduate,3,Salaried,10.9,324918.0,27076.0,766.0,Fair,201606.0,60,238568.0,74.91,1467340.0,389556.0,2005915.0,1,2,0
41,Graduate,2,Salaried,0.7,782918.0,65243.0,770.0,Poor,1748501.0,72,207074.0,30.92,3680866.0,675241.0,4615426.0,1,0,1
26,Graduate,3,Business,9.4,751729.0,62644.0,648.0,Good,1351898.0,48,86393.0,16.89,2496001.0,327024.0,3292650.0,0,0,1
51,Postgraduate,1,Contract,0.8,185456.0,15455.0,767.0,Good,749080.0,60,450897.0,95.0,0.0,1123968.0,1123380.0,1,1,0
42,Postgraduate,3,Business,0.0,618102.0,51508.0,750.0,Good,767207.0,36,149026.0,29.08,2300303.0,1070281.0,4055281.0,1,1,1
35,Postgraduate,2,Salaried,8.2,908882.0,75740.0,850.0,Fair,1061769.0,60,175051.0,22.06,1160132.0,214424.0,1610051.0,0,0,1
31,Postgraduate,1,Contract,9.6,925398.0,77116.0,624.0,Fair,391670.0,36,181587.0,21.32,2787989.0,443160.0,3563517.0,0,4,1
46,Graduate,4,Salaried,11.5,916718.0,76393.0,642.0,Good,1045204.0,60,83312.0,11.82,2249010.0,237656.0,2586116.0,0,1,1
51,Graduate,0,Contract,9.5,660117.0,55010.0,657.0,Good,301170.0,72,0.0,1.0,0.0,431705.0,910147.0,1,3,0
63,Postgraduate,3,Business,9.7,430288.0,35857.0,643.0,Good,868260.0,12,198153.0,70.27,2095713.0,421099.0,2741687.0,0,2,1
40,High School,1,Contract,2.1,368238.0,30686.0,613.0,Fair,374143.0,60,492134.0,95.0,2031690.0,833990.0,3036856.0,0,0,0
28,Postgraduate,1,Salaried,6.5,739597.0,61633.0,473.0,Good,396862.0,36,343336.0,48.57,2199809.0,189037.0,2523743.0,0,1,0
58,Graduate,0,Salaried,0.0,748613.0,62384.0,647.0,Good,1640575.0,36,643327.0,94.7,2433082.0,0.0,2629384.0,1,1,0
49,Graduate,0,Self-Employed,0.0,984706.0,82059.0,708.0,Good,926652.0,12,465210.0,58.54,3445563.0,0.0,3779232.0,1,1,1
52,Graduate,0,Self-Employed,10.7,935995.0,78000.0,643.0,Fair,993333.0,36,415272.0,48.61,2255278.0,140094.0,2679934.0,0,1,0
25,Graduate,4,Self-Employed,3.2,615621.0,51302.0,825.0,Poor,100000.0,84,714183.0,95.0,1825188.0,270508.0,2337724.0,0,0,1
35,High School,4,Contract,11.4,326506.0,27209.0,681.0,Good,631349.0,84,278628.0,88.65,3062764.0,565511.0,3735991.0,0,2,0
55,Graduate,2,Self-Employed,12.5,567032.0,47253.0,777.0,Poor,1107545.0,60,313877.0,60.04,4267015.0,122072.0,4485252.0,0,0,1
58,Graduate,0,Salaried,3.9,706480.0,58873.0,700.0,Good,987361.0,60,297478.0,45.46,2806578.0,76115.0,3040518.0,1,1,1
40,High School,4,Salaried,10.0,597458.0,49788.0,742.0,Fair,100000.0,72,639633.0,95.0,2026827.0,174693.0,2543575.0,1,3,1
57,High School,3,Salaried,3.7,499748.0,41646.0,701.0,Fair,993212.0,72,300553.0,64.12,2275784.0,109521.0,2767757.0,0,1,1
58,Graduate,2,Salaried,0.0,715750.0,59646.0,783.0,Good,1064951.0,60,157379.0,25.56,2081648.0,305927.0,2796984.0,0,1,1
38,Graduate,4,Salaried,7.6,518971.0,43248.0,684.0,Good,1477693.0,12,429289.0,95.0,1820370.0,290949.0,2361026.0,0,1,0
61,Postgraduate,2,Business,4.6,486703.0,40559.0,717.0,Good,605146.0,60,120423.0,27.73,4181688.0,741170.0,5249570.0,0,2,1
33,High School,1,Business,4.8,730978.0,60915.0,707.0,Fair,100000.0,84,417364.0,57.33,976041.0,153665.0,1346016.0,2,5,0
31,Graduate,3,Self-Employed,16.9,545482.0,45457.0,658.0,Good,451453.0,36,391045.0,75.0,3070396.0,374841.0,3346777.0,0,2,0
51,High School,2,Salaried,0.0,713467.0,59456.0,710.0,Good,406321.0,48,258331.0,37.92,1661557.0,309242.0,2177614.0,0,2,1
49,Graduate,3,Self-Employed,8.9,721033.0,60086.0,848.0,Good,1231519.0,48,424479.0,63.99,171539.0,783110.0,1129584.0,0,2,1
27,Graduate,3,Business,2.0,353748.0,29479.0,660.0,Good,100000.0,48,0.0,1.0,1592850.0,446002.0,2081043.0,0,0,1
58,Graduate,4,Business,11.5,524877.0,43740.0,711.0,Good,698240.0,60,335852.0,67.18,1198547.0,867744.0,2202812.0,0,1,1
29,Graduate,1,Self-Employed,8.5,1023822.0,85318.0,774.0,Fair,1541608.0,48,198192.0,23.88,2435335.0,96670.0,2809023.0,1,0,0
57,Graduate,0,Business,8.9,347859.0,28988.0,766.0,Good,903246.0,84,929698.0,95.0,1900430.0,482722.0,2406503.0,0,1,1
21,High School,2,Self-Employed,2.3,150000.0,12500.0,681.0,Good,1303343.0,72,334282.0,95.0,675770.0,298438.0,1082051.0,1,1,0
56,Graduate,3,Salaried,3.2,165920.0,13827.0,501.0,Good,161191.0,12,168794.0,95.0,3418109.0,70884.0,4048573.0,0,0,0
56,Graduate,4,Business,11.6,657569.0,54797.0,719.0,Poor,179105.0,72,0.0,1.0,2999147.0,476371.0,3404977.0,1,1,1
56,Graduate,1,Salaried,15.9,658038.0,54836.0,514.0,Good,1546759.0,72,587189.0,93.93,3544661.0,1106525.0,4864550.0,0,0,0
50,Graduate,3,Salaried,9.4,619421.0,51618.0,790.0,Good,945547.0,60,222993.0,39.66,2060661.0,201482.0,2278881.0,0,1,1
42,Postgraduate,4,Salaried,2.5,965689.0,80474.0,693.0,Good,946473.0,60,125903.0,15.39,1760694.0,455391.0,2315758.0,1,0,1
52,Graduate,4,Self-Employed,8.7,150000.0,12500.0,755.0,Good,396831.0,72,373986.0,95.0,2573917.0,40719.0,2825089.0,0,1,1
33,High School,4,Self-Employed,19.1,752943.0,62745.0,612.0,Good,945352.0,48,442938.0,62.59,1164777.0,0.0,1217262.0,0,2,1
56,Graduate,4,Self-Employed,7.5,1055974.0,87998.0,564.0,Good,384328.0,36,439470.0,43.07,1943066.0,224462.0,2532314.0,0,2,0
46,High School,3,Salaried,14.3,356777.0,29731.0,700.0,Good,1434092.0,48,304345.0,95.0,1606754.0,342506.0,2469490.0,0,2,0
41,Graduate,1,Salaried,3.3,551250.0,45938.0,677.0,Good,2127524.0,36,335022.0,76.21,192862.0,358046.0,969244.0,0,1,0
43,Postgraduate,2,Business,6.8,454248.0,37854.0,643.0,Good,1117773.0,60,351048.0,83.19,1940201.0,420891.0,2816015.0,1,2,1
46,Postgraduate,3,Salaried,10.1,417470.0,34789.0,686.0,Good,614274.0,36,374007.0,95.0,1314936.0,0.0,1288989.0,3,1,0
22,Graduate,1,Contract,9.0,565172.0,47098.0,850.0,Fair,100000.0,60,393475.0,70.05,1533193.0,280919.0,2015498.0,0,0,1
27,High School,3,Salaried,3.2,1021146.0,85096.0,743.0,Good,141991.0,48,540780.0,53.38,2200163.0,675615.0,3219262.0,1,3,1
32,Postgraduate,2,Self-Employed,3.0,1127721.0,93977.0,759.0,Good,1599688.0,72,312411.0,30.54,3199786.0,24614.0,3648638.0,0,0,1
26,High School,3,Self-Employed,11.9,562656.0,46888.0,743.0,Poor,436864.0,60,120303.0,23.24,866353.0,375699.0,1842723.0,0,1,1
40,Graduate,2,Business,13.0,1145316.0,95443.0,791.0,Good,733124.0,84,268256.0,24.52,1429786.0,602495.0,2496089.0,0,3,1
51,Postgraduate,3,Salaried,14.6,659250.0,54938.0,666.0,Fair,1194897.0,72,465832.0,74.29,958409.0,226207.0,1613914.0,0,1,0
50,Graduate,0,Contract,16.0,1105960.0,92163.0,526.0,Good,1567030.0,36,0.0,5.67,886801.0,619534.0,2283054.0,1,2,0
42,High School,3,Self-Employed,7.7,625742.0,52145.0,666.0,Poor,810186.0,60,0.0,3.11,1145974.0,0.0,1415236.0,0,0,1
59,Graduate,4,Self-Employed,5.4,684075.0,57006.0,741.0,Good,717900.0,36,502021.0,77.58,1583905.0,810957.0,2587050.0,0,0,1
46,Graduate,4,Self-Employed,13.8,745023.0,62085.0,607.0,Good,932229.0,72,634427.0,87.66,2444459.0,628030.0,3357961.0,1,3,1
24,High School,4,Salaried,10.6,1476502.0,123042.0,667.0,Fair,617563.0,60,21656.0,2.47,2152490.0,519483.0,2738962.0,0,1,1
55,Graduate,1,Self-Employed,2.1,871334.0,72611.0,628.0,Good,641781.0,36,322101.0,39.91,637457.0,893686.0,1794670.0,1,1,0
46,Graduate,0,Salaried,1.8,466111.0,38843.0,793.0,Good,1085346.0,36,212100.0,54.82,3223576.0,384728.0,3512934.0,0,1,1
49,Graduate,3,Salaried,9.5,901939.0,75162.0,736.0,Good,983381.0,48,242617.0,30.17,2838854.0,283750.0,3266700.0,0,0,1
46,High School,0,Self-Employed,6.1,555924.0,46327.0,729.0,Good,1859222.0,72,367217.0,72.74,808696.0,980390.0,2016019.0,0,0,1
45,Postgraduate,1,Self-Employed,6.9,522665.0,43555.0,727.0,Fair,1097482.0,72,15569.0,7.18,3146522.0,1144268.0,4730717.0,1,3,1
25,Graduate,3,Salaried,12.4,886236.0,73853.0,677.0,Good,1418015.0,12,56412.0,25.57,2159632.0,257297.0,2889147.0,1,2,1
46,Graduate,2,Salaried,10.8,658082.0,54840.0,695.0,Good,417922.0,48,233725.0,37.42,1627899.0,460190.0,2145366.0,0,3,1
56,Graduate,3,Salaried,13.6,722430.0,60202.0,591.0,Good,1136321.0,48,268017.0,41.82,2193888.0,865765.0,3724860.0,0,0,1
34,High School,3,Salaried,0.0,653636.0,54470.0,516.0,Good,574658.0,60,52290.0,10.11,1771652.0,472649.0,2523976.0,0,2,0
48,Graduate,0,Self-Employed,8.3,737512.0,61459.0,691.0,Fair,1077954.0,36,473722.0,70.08,2399587.0,708106.0,3405702.0,0,1,0
22,Graduate,3,Salaried,10.5,760491.0,63374.0,704.0,Good,1209832.0,48,208137.0,32.14,2006047.0,773141.0,2705649.0,1,1,0
36,Graduate,2,Business,0.0,150000.0,12500.0,771.0,Good,922441.0,72,207200.0,95.0,1428831.0,303193.0,1858013.0,1,0,1
40,Postgraduate,2,Salaried,3.7,823309.0,68609.0,798.0,Good,1983297.0,48,362185.0,51.22,0.0,646746.0,1106711.0,0,1,1
65,Postgraduate,2,Salaried,2.8,394675.0,32890.0,798.0,Good,1542591.0,60,271640.0,78.21,2379901.0,497833.0,3161690.0,0,1,1
30,Postgraduate,2,Business,7.1,275002.0,22917.0,605.0,Good,1429760.0,60,484245.0,95.0,1388979.0,74096.0,1734638.0,0,0,0
33,Graduate,2,Salaried,15.1,634813.0,52901.0,654.0,Fair,1243929.0,48,94647.0,20.79,2655741.0,153622.0,3104797.0,1,4,1
39,Graduate,1,Salaried,17.1,671835.0,55986.0,716.0,Good,1693512.0,60,0.0,6.05,2329843.0,271654.0,2562856.0,1,1,0
65,Graduate,1,Contract,2.9,469688.0,39141.0,850.0,Good,253364.0,36,231847.0,51.52,1417569.0,824982.0,2473229.0,0,0,1
59,Graduate,0,Contract,9.6,866068.0,72172.0,791.0,Poor,1516627.0,36,313252.0,43.17,2925287.0,836475.0,4293428.0,0,1,1
22,Postgraduate,1,Business,9.8,301034.0,25086.0,764.0,Good,453940.0,84,27034.0,11.57,2025326.0,762470.0,3255138.0,0,3,1
31,Postgraduate,1,Salaried,8.9,544195.0,45350.0,651.0,Fair,646047.0,72,0.0,2.37,1980007.0,654039.0,2859006.0,1,1,1
57,Graduate,2,Self-Employed,9.0,497933.0,41494.0,614.0,Good,1152627.0,60,340106.0,73.86,1648078.0,644489.0,2855301.0,0,2,0
23,Postgraduate,4,Contract,8.5,637887.0,53157.0,739.0,Good,1454949.0,36,133288.0,30.02,3651911.0,597146.0,4247237.0,1,1,1
59,Postgraduate,0,Contract,15.4,722505.0,60209.0,597.0,Good,380891.0,12,0.0,6.33,1015407.0,642659.0,1713726.0,0,2,1
33,Graduate,1,Salaried,12.5,387948.0,32329.0,662.0,Good,669355.0,36,512375.0,95.0,1445058.0,666377.0,2734159.0,0,3,0
62,Postgraduate,0,Salaried,1.7,838313.0,69859.0,671.0,Fair,943889.0,84,161005.0,21.14,438931.0,8452.0,812978.0,0,0,1
34,High School,4,Salaried,11.0,666381.0,55532.0,799.0,Good,816135.0,72,552959.0,85.43,2599404.0,223413.0,3015040.0,1,3,1
40,High School,3,Salaried,11.5,158094.0,13174.0,653.0,Good,1284314.0,60,306264.0,95.0,1159636.0,139877.0,1538449.0,0,2,0
50,Graduate,1,Self-Employed,8.6,150000.0,12500.0,497.0,Fair,2446167.0,84,364847.0,95.0,1282961.0,887501.0,2259136.0,1,4,0
26,Graduate,2,Salaried,12.7,646797.0,53900.0,718.0,Good,1088694.0,36,253470.0,45.92,1231370.0,1078935.0,2615624.0,0,2,1
46,Graduate,3,Salaried,7.9,592548.0,49379.0,628.0,Good,569162.0,60,0.0,2.31,1868994.0,0.0,2158472.0,1,3,1
43,Postgraduate,4,Salaried,8.0,623111.0,51926.0,683.0,Good,316571.0,36,49907.0,10.04,424164.0,1047685.0,1725826.0,0,2,1
56,Graduate,2,Self-Employed,7.6,642725.0,53560.0,673.0,Good,753636.0,48,272344.0,45.89,0.0,530352.0,548401.0,1,0,1
65,Graduate,1,Salaried,0.0,708646.0,59054.0,659.0,Poor,476888.0,84,380240.0,54.81,2303474.0,854452.0,3460877.0,1,3,0
50,Graduate,3,Salaried,6.6,896389.0,74699.0,739.0,Good,1110397.0,72,0.0,2.48,0.0,677264.0,821362.0,0,0,1
39,High School,3,Salaried,3.7,361113.0,30093.0,565.0,Good,1103410.0,24,288208.0,95.0,2739552.0,1004138.0,3796495.0,0,1,0
39,Graduate,3,Contract,1.1,345287.0,28774.0,641.0,Good,691574.0,36,53102.0,23.39,3514381.0,573410.0,4591139.0,0,0,1
39,Graduate,0,Salaried,14.2,365736.0,30478.0,731.0,Good,1793230.0,60,351616.0,95.0,1619354.0,22791.0,2326089.0,1,2,0
57,Postgraduate,3,Self-Employed,9.5,725118.0,60426.0,634.0,Good,569049.0,24,295732.0,45.49,3229442.0,463014.0,4330980.0,0,2,1
35,Graduate,0,Salaried,6.9,973686.0,81140.0,559.0,Good,846256.0,60,463570.0,49.7,1773318.0,680480.0,2833823.0,0,1,0
28,High School,4,Salaried,4.2,537852.0,44821.0,730.0,Good,1187623.0,60,534701.0,95.0,3559165.0,424414.0,4180462.0,0,2,0
36,High School,4,Salaried,8.5,150000.0,12500.0,764.0,Good,1301425.0,36,400978.0,95.0,1298160.0,730206.0,2264295.0,0,2,1
22,High School,2,Salaried,12.0,206962.0,17247.0,677.0,Good,1474909.0,36,489287.0,95.0,0.0,477006.0,808126.0,0,1,0
25,Postgraduate,3,Salaried,2.9,433410.0,36118.0,533.0,Good,1092823.0,36,222925.0,61.52,1712097.0,291572.0,2169619.0,0,2,0
25,Graduate,0,Self-Employed,7.0,504990.0,42082.0,733.0,Good,1372911.0,84,921086.0,95.0,3678760.0,119908.0,4312430.0,2,0,1
55,Graduate,4,Self-Employed,11.3,543819.0,45318.0,556.0,Good,600701.0,48,31860.0,9.17,2388465.0,362865.0,2594185.0,1,0,0
53,High School,1,Salaried,0.0,660031.0,55003.0,703.0,Fair,1313137.0,60,183894.0,32.64,1233144.0,571600.0,1995599.0,0,1,1
52,Postgraduate,1,Salaried,6.7,568946.0,47412.0,613.0,Good,1307128.0,48,498299.0,94.48,2161791.0,0.0,2572005.0,0,0,1
41,High School,3,Self-Employed,4.9,922828.0,76902.0,593.0,Good,1580799.0,60,465599.0,54.56,2868237.0,226973.0,3176178.0,1,2,0
53,Graduate,4,Salaried,6.3,474236.0,39520.0,647.0,Fair,149204.0,24,407226.0,87.76,1705822.0,0.0,1907792.0,0,1,0
28,Postgraduate,2,Salaried,4.5,425797.0,35483.0,666.0,Good,491768.0,24,448570.0,95.0,4689029.0,284024.0,5341782.0,1,2,0
61,Graduate,2,Salaried,7.7,774508.0,64542.0,632.0,Good,1270413.0,60,0.0,3.94,1230840.0,919060.0,2703554.0,1,2,0
43,Graduate,2,Salaried,16.6,250733.0,20894.0,724.0,Fair,100000.0,60,649646.0,95.0,2902762.0,84859.0,2978833.0,1,0,0
63,High School,1,Salaried,5.4,751320.0,62610.0,647.0,Good,1121403.0,36,255144.0,39.93,2638131.0,746106.0,3360622.0,0,0,1
27,Graduate,2,Contract,8.5,676664.0,56389.0,754.0,Good,1376912.0,48,574097.0,90.95,1030190.0,1497089.0,2588073.0,1,1,0
43,Postgraduate,4,Contract,17.0,611665.0,50972.0,701.0,Good,640631.0,84,0.0,1.8,1333116.0,1008738.0,2284347.0,1,1,1
52,Graduate,1,Contract,4.2,1062952.0,88579.0,628.0,Good,706414.0,24,356445.0,37.52,2919909.0,546730.0,3423363.0,0,2,0
43,Postgraduate,3,Salaried,16.1,488226.0,40686.0,615.0,Good,416638.0,36,176029.0,39.47,1959267.0,800452.0,2815187.0,0,0,1
41,Graduate,3,Salaried,7.0,1185678.0,98806.0,556.0,Good,665304.0,48,425866.0,37.6,2171879.0,20611.0,2689189.0,0,1,0
28,High School,4,Salaried,15.9,591388.0,49282.0,702.0,Good,678344.0,36,369755.0,67.11,436.0,0.0,188021.0,2,0,1
38,Graduate,3,Salaried,10.8,317976.0,26498.0,653.0,Good,592721.0,60,380531.0,95.0,2521599.0,510044.0,3287918.0,0,4,0
31,Graduate,4,Salaried,8.5,668179.0,55682.0,502.0,Good,568045.0,60,67033.0,12.07,2116027.0,639514.0,2814448.0,0,1,1
34,High School,3,Salaried,6.7,370176.0,30848.0,640.0,Good,778048.0,60,287467.0,82.7,1729699.0,883041.0,2989447.0,1,4,0
51,Graduate,4,Salaried,3.9,454543.0,37879.0,612.0,Good,772603.0,60,260363.0,61.36,2196981.0,300933.0,3123067.0,1,2,1
49,Graduate,3,Salaried,7.4,753229.0,62769.0,798.0,Good,1743359.0,48,408968.0,61.24,1349861.0,567688.0,1990023.0,0,2,1
48,Graduate,4,Salaried,11.5,794451.0,66204.0,552.0,Good,722617.0,72,517645.0,66.98,1148907.0,555689.0,2299546.0,0,3,0
37,High School,4,Business,6.9,488236.0,40686.0,572.0,Good,1054868.0,24,333105.0,81.19,1533926.0,454012.0,2310823.0,0,0,0
64,Postgraduate,4,Salaried,5.4,906725.0,75560.0,763.0,Fair,640403.0,48,19242.0,4.24,1289377.0,474634.0,2017384.0,0,1,1
24,Graduate,2,Business,5.7,950952.0,79246.0,782.0,Poor,634682.0,60,323667.0,35.64,4198583.0,200853.0,4729461.0,0,0,1
36,Graduate,3,Salaried,12.0,1023438.0,85286.0,624.0,Good,133033.0,48,874437.0,85.83,2803058.0,597898.0,3729061.0,1,1,1
26,High School,4,Self-Employed,13.1,787647.0,65637.0,633.0,Good,192885.0,24,662121.0,85.53,734684.0,568267.0,1924372.0,1,0,0
36,Postgraduate,1,Salaried,3.7,1004491.0,83708.0,726.0,Fair,356851.0,48,0.0,1.07,4039926.0,345996.0,4739966.0,0,3,1
64,Graduate,0,Self-Employed,3.7,160992.0,13416.0,505.0,Good,982664.0,60,313935.0,95.0,1323858.0,733021.0,2415100.0,0,3,0
37,Graduate,4,Salaried,8.9,567344.0,47279.0,540.0,Poor,1384278.0,36,505066.0,95.0,1832401.0,859741.0,2857842.0,0,0,0
61,High School,3,Salaried,14.6,424579.0,35382.0,659.0,Fair,100000.0,60,259888.0,61.78,2787159.0,737082.0,3942056.0,0,2,0
43,Graduate,2,Self-Employed,12.7,680999.0,56750.0,796.0,Fair,652915.0,72,198780.0,31.11,0.0,135145.0,193776.0,0,1,1
52,Postgraduate,3,Salaried,0.7,501423.0,41785.0,647.0,Good,284899.0,60,241268.0,49.48,1539272.0,534876.0,2345949.0,0,5,0
41,Graduate,0,Salaried,5.7,606799.0,50567.0,688.0,Good,781075.0,36,421482.0,74.61,1169333.0,180999.0,2176989.0,1,0,1
32,Postgraduate,2,Contract,2.3,1139365.0,94947.0,765.0,Good,1384096.0,72,47337.0,6.58,2025588.0,533794.0,2308544.0,0,2,1
55,High School,1,Salaried,5.7,605873.0,50489.0,838.0,Good,698903.0,36,561512.0,95.0,2207055.0,182362.0,2686046.0,1,0,1
64,High School,1,Self-Employed,15.0,757586.0,63132.0,637.0,Fair,878617.0,72,287682.0,40.29,1715015.0,947007.0,2966347.0,1,2,0
32,Graduate,4,Self-Employed,0.0,589610.0,49134.0,679.0,Poor,1554853.0,60,94295.0,22.32,1663988.0,774166.0,2642536.0,0,2,1
56,Graduate,2,Salaried,0.0,669685.0,55807.0,817.0,Good,1106055.0,24,547357.0,91.64,2971645.0,903546.0,4084287.0,0,0,1
32,Graduate,0,Salaried,2.9,651564.0,54297.0,566.0,Good,557959.0,72,0.0,1.71,2131635.0,868103.0,3268020.0,0,1,1
53,Graduate,1,Salaried,8.4,766564.0,63880.0,757.0,Fair,971512.0,60,177854.0,26.24,1845568.0,405290.0,2450457.0,0,3,1
56,Graduate,1,Business,10.1,952980.0,79415.0,604.0,Fair,527603.0,48,174231.0,19.94,1962658.0,351037.0,2608091.0,0,2,1
41,Graduate,4,Salaried,9.2,1078322.0,89860.0,688.0,Fair,1089217.0,48,771667.0,74.59,3819478.0,1109603.0,5081559.0,0,0,1
54,Graduate,1,Salaried,12.9,730501.0,60875.0,662.0,Good,1131903.0,60,149295.0,24.16,1989941.0,442208.0,3086628.0,0,1,1
33,Postgraduate,1,Salaried,0.0,803282.0,66940.0,608.0,Poor,284778.0,60,0.0,1.0,1234107.0,25897.0,1459601.0,0,2,1
24,Graduate,1,Contract,12.9,350775.0,29231.0,606.0,Good,978817.0,72,172001.0,54.62,0.0,852613.0,1216535.0,0,0,0
25,Graduate,0,Business,5.4,627152.0,52263.0,701.0,Good,847092.0,36,400221.0,69.22,222669.0,550321.0,889183.0,0,0,0
41,Graduate,3,Contract,10.7,894475.0,74540.0,755.0,Good,1145105.0,60,472499.0,55.9,1286272.0,1027080.0,2749981.0,0,2,1
61,Graduate,2,Self-Employed,0.4,875152.0,72929.0,670.0,Good,1274106.0,60,800839.0,95.0,1680785.0,585039.0,2662518.0,0,2,0
26,Graduate,2,Self-Employed,7.0,705019.0,58752.0,685.0,Fair,1114852.0,60,609517.0,90.25,1188816.0,492999.0,2015667.0,0,0,0
41,Postgraduate,1,Self-Employed,8.2,880462.0,73372.0,723.0,Good,763563.0,60,341343.0,40.85,2186258.0,1034142.0,3264933.0,0,0,0
52,High School,3,Contract,12.8,777599.0,64800.0,607.0,Good,1319999.0,48,103889.0,18.45,1174641.0,0.0,1274160.0,0,0,0
30,Postgraduate,0,Self-Employed,0.0,962080.0,80173.0,735.0,Good,507122.0,72,657286.0,69.37,794062.0,295123.0,1676420.0,1,0,1
53,High School,4,Salaried,7.2,725233.0,60436.0,741.0,Fair,305765.0,48,218916.0,31.45,2473908.0,189423.0,2760636.0,0,1,1
34,Postgraduate,2,Self-Employed,1.6,557518.0,46460.0,850.0,Good,100000.0,36,155205.0,28.56,3306334.0,0.0,3684514.0,0,0,1
57,High School,1,Self-Employed,9.5,737319.0,61443.0,652.0,Good,868437.0,60,208244.0,31.07,582116.0,805612.0,1448794.0,0,0,0
47,Postgraduate,2,Salaried,10.9,150000.0,12500.0,646.0,Good,530304.0,36,24497.0,30.47,2068087.0,304904.0,2824668.0,0,0,1
45,Graduate,4,Salaried,13.4,749550.0,62462.0,738.0,Good,1078990.0,12,197696.0,43.65,0.0,816879.0,929600.0,1,0,1
28,High School,0,Salaried,4.3,150000.0,12500.0,741.0,Good,100000.0,24,248716.0,95.0,178008.0,636180.0,871550.0,2,0,0
41,Graduate,2,Business,11.6,201900.0,16825.0,640.0,Good,608770.0,60,460744.0,95.0,1152358.0,712500.0,1972390.0,0,0,0
59,Graduate,2,Salaried,13.8,767460.0,63955.0,650.0,Good,1111621.0,84,214621.0,30.45,3048401.0,340610.0,3528250.0,0,0,1
21,Graduate,4,Business,0.0,774158.0,64513.0,721.0,Poor,436574.0,48,21159.0,4.42,943423.0,232513.0,1506871.0,1,2,1
55,Graduate,2,Salaried,10.1,347769.0,28981.0,618.0,Poor,1084166.0,36,0.0,12.47,902289.0,531416.0,1697582.0,0,1,0
43,Graduate,3,Business,11.8,464853.0,38738.0,649.0,Good,649340.0,72,346105.0,77.25,1839696.0,821709.0,2692374.0,0,1,0
53,Graduate,3,Salaried,5.7,1006341.0,83862.0,687.0,Good,885236.0,36,315978.0,34.92,1840792.0,482366.0,2567569.0,0,3,1
50,Graduate,4,Contract,0.9,524152.0,43679.0,755.0,Good,1167821.0,84,178051.0,37.79,936355.0,254322.0,1211977.0,0,1,1
40,Postgraduate,1,Self-Employed,11.7,1233159.0,102763.0,635.0,Good,1328759.0,60,197160.0,18.57,3984844.0,80344.0,4443899.0,1,1,1
34,Graduate,3,Salaried,1.0,649501.0,54125.0,542.0,Good,941622.0,36,385467.0,65.15,1508100.0,571457.0,2494938.0,1,1,0
49,High School,1,Salaried,6.1,756089.0,63007.0,536.0,Fair,533695.0,60,605920.0,81.83,1924943.0,306076.0,2476230.0,0,1,0
27,Graduate,4,Salaried,6.8,1070387.0,89199.0,586.0,Poor,693883.0,48,128368.0,13.94,1358043.0,474891.0,2137265.0,0,1,0
47,High School,4,Salaried,10.6,684067.0,57006.0,582.0,Good,1186630.0,72,319559.0,50.18,2283969.0,416427.0,3300821.0,0,1,0
25,Graduate,1,Business,3.9,389391.0,32449.0,668.0,Fair,440436.0,24,510819.0,95.0,3158453.0,344449.0,3721381.0,0,0,0
50,Graduate,2,Contract,3.6,621471.0,51789.0,591.0,Fair,819870.0,72,129255.0,23.44,3630030.0,602831.0,4294009.0,0,2,0
49,Graduate,4,Self-Employed,7.5,640741.0,53395.0,627.0,Good,726352.0,72,296561.0,48.55,961508.0,694076.0,2021423.0,0,2,0
24,High School,0,Self-Employed,12.0,295167.0,24597.0,622.0,Fair,853487.0,72,291641.0,95.0,3010875.0,1187848.0,4222192.0,1,0,0
55,Graduate,3,Salaried,18.4,583484.0,48624.0,647.0,Poor,445823.0,72,11515.0,3.5,2404649.0,765289.0,3377824.0,1,1,1
39,Graduate,4,Business,0.0,457030.0,38086.0,779.0,Poor,100000.0,36,337070.0,74.63,2871990.0,1057789.0,4059981.0,0,0,1
56,Postgraduate,4,Business,8.6,890333.0,74194.0,730.0,Fair,1134334.0,60,306940.0,37.53,1698933.0,213490.0,2022059.0,1,1,1
22,Graduate,0,Salaried,1.6,658999.0,54917.0,681.0,Good,1333859.0,72,422119.0,68.1,1594255.0,0.0,1794237.0,1,0,0
29,Graduate,3,Contract,12.1,576473.0,48039.0,645.0,Good,100000.0,48,38885.0,7.27,2829286.0,494949.0,3754213.0,0,2,0
43,Graduate,3,Salaried,2.3,622393.0,51866.0,648.0,Poor,1066017.0,24,302193.0,58.83,2850162.0,800310.0,4121606.0,1,1,0
29,Postgraduate,0,Business,3.6,708012.0,59001.0,705.0,Good,1387432.0,36,603981.0,93.15,3522293.0,745407.0,4702941.0,0,2,1
35,High School,3,Contract,4.1,810372.0,67531.0,724.0,Good,1168160.0,36,757050.0,95.0,2018402.0,923984.0,3259657.0,0,1,1
50,High School,3,Business,6.6,390075.0,32506.0,612.0,Good,712498.0,72,581628.0,95.0,1682394.0,0.0,1880851.0,0,1,0
27,Postgraduate,4,Salaried,8.6,379187.0,31599.0,683.0,Good,475427.0,48,41044.0,14.59,0.0,938542.0,716977.0,0,0,1
51,Graduate,0,Self-Employed,9.4,937217.0,78101.0,528.0,Good,936440.0,60,399232.0,45.0,27613.0,617412.0,968557.0,0,1,0
25,Graduate,4,Salaried,7.0,542792.0,45233.0,696.0,Fair,1011503.0,84,193708.0,38.88,1366323.0,0.0,1160457.0,0,0,1
28,High School,2,Business,0.4,281621.0,23468.0,737.0,Good,943113.0,36,362458.0,95.0,588835.0,753235.0,1207397.0,1,1,0
47,High School,1,Salaried,10.6,765391.0,63783.0,659.0,Good,818939.0,72,130112.0,19.14,2695544.0,559319.0,3472529.0,0,2,1
56,Graduate,1,Self-Employed,6.7,770476.0,64206.0,816.0,Good,412807.0,12,0.0,6.43,358977.0,633430.0,1295322.0,0,1,1
28,Graduate,3,Contract,12.8,252014.0,21001.0,614.0,Good,1090210.0,24,224206.0,95.0,1248565.0,849688.0,2258036.0,1,0,0
34,Graduate,4,Salaried,3.5,709665.0,59139.0,696.0,Fair,1111885.0,36,458973.0,70.94,1291771.0,650596.0,2499473.0,0,4,1
62,High School,1,Salaried,0.0,841252.0,70104.0,677.0,Poor,990370.0,48,363360.0,46.72,3125217.0,0.0,3467637.0,1,1,1
65,High School,4,Self-Employed,6.8,747340.0,62278.0,672.0,Fair,949947.0,48,388649.0,55.82,1130937.0,449941.0,1780996.0,1,2,1
47,Graduate,3,Salaried,13.5,814315.0,67860.0,671.0,Good,1655662.0,48,347597.0,48.79,2297653.0,0.0,2824915.0,0,5,0
41,Graduate,0,Salaried,7.8,284890.0,23741.0,688.0,Fair,619030.0,36,388996.0,95.0,2015277.0,727172.0,3305472.0,0,2,0
36,High School,2,Salaried,6.0,736070.0,61339.0,744.0,Good,1476646.0,24,416493.0,68.62,2793617.0,989290.0,4135419.0,0,0,1
48,High School,4,Salaried,2.6,571319.0,47610.0,783.0,Good,569689.0,60,239570.0,44.33,2735237.0,65492.0,2895677.0,0,3,1
47,Graduate,0,Self-Employed,15.8,524475.0,43706.0,680.0,Fair,1399028.0,12,318236.0,92.69,1763216.0,264988.0,2168150.0,0,0,1
34,High School,0,Self-Employed,1.9,876344.0,73029.0,741.0,Good,1455015.0,72,683517.0,81.32,0.0,191171.0,151823.0,0,1,0
22,Graduate,0,Salaried,3.4,1034611.0,86218.0,627.0,Good,768127.0,84,331247.0,33.29,1545085.0,341133.0,2127735.0,0,1,1
27,High School,2,Salaried,9.9,1116536.0,93045.0,737.0,Fair,1647433.0,60,309364.0,31.25,1778049.0,644348.0,2462389.0,0,2,1
64,Graduate,0,Salaried,0.0,991850.0,82654.0,623.0,Good,1111066.0,60,322635.0,35.22,2114610.0,344926.0,2643721.0,0,1,1
39,Postgraduate,4,Salaried,13.4,621469.0,51789.0,762.0,Fair,505227.0,60,252060.0,42.51,988689.0,728386.0,2019195.0,1,2,0
42,Postgraduate,0,Business,10.1,741707.0,61809.0,846.0,Good,731630.0,60,204222.0,29.9,3054991.0,872883.0,3781132.0,0,1,1
42,Postgraduate,0,Salaried,11.5,849374.0,70781.0,671.0,Good,1409743.0,84,345909.0,43.57,1814981.0,885616.0,2697849.0,1,0,1
56,Graduate,1,Self-Employed,9.8,681506.0,56792.0,516.0,Fair,1315379.0,84,188743.0,31.0,787453.0,108637.0,1044720.0,0,2,0
23,High School,3,Contract,6.2,683999.0,57000.0,639.0,Good,423882.0,48,267987.0,41.04,1295949.0,985075.0,2520519.0,0,2,0
24,Graduate,4,Self-Employed,1.7,864176.0,72015.0,772.0,Good,837334.0,60,126087.0,16.92,3921397.0,1013125.0,5085744.0,1,0,1
33,Graduate,1,Self-Employed,6.3,634587.0,52882.0,721.0,Good,991585.0,72,323763.0,54.14,2530816.0,1043438.0,3770150.0,0,1,1
42,High School,2,Salaried,2.1,460385.0,38365.0,699.0,Good,671578.0,12,428523.0,95.0,2953302.0,444765.0,3506830.0,0,4,1
51,Graduate,3,Salaried,9.4,542237.0,45186.0,756.0,Good,1961010.0,60,253379.0,55.41,654254.0,236855.0,851229.0,1,1,1
43,Graduate,3,Salaried,11.0,814817.0,67901.0,716.0,Fair,1005149.0,60,0.0,2.96,1042287.0,155516.0,1340853.0,1,1,1
40,High School,0,Business,14.4,650778.0,54232.0,771.0,Good,872185.0,60,429882.0,69.27,1050435.0,114377.0,1372178.0,0,1,1
63,Graduate,4,Business,8.9,738455.0,61538.0,749.0,Good,1435883.0,48,326440.0,50.04,2002833.0,504092.0,2694847.0,0,0,1
28,Graduate,4,Salaried,11.6,824221.0,68685.0,794.0,Good,735654.0,36,81489.0,13.46,1608598.0,796748.0,2677705.0,1,1,1
46,Graduate,3,Salaried,5.5,552541.0,46045.0,707.0,Good,1353342.0,36,470119.0,94.88,1261556.0,957295.0,2552630.0,0,2,1
45,Postgraduate,2,Salaried,4.6,846625.0,70552.0,748.0,Good,149520.0,60,0.0,1.0,1399523.0,330055.0,2115923.0,1,3,1
42,High School,1,Self-Employed,9.4,748499.0,62375.0,657.0,Poor,695856.0,72,529990.0,72.67,926561.0,486459.0,1536310.0,0,1,0
57,High School,4,Self-Employed,5.1,328949.0,27412.0,635.0,Good,1372082.0,72,287379.0,95.0,1602177.0,463534.0,2000552.0,0,3,0
33,Graduate,4,Self-Employed,8.3,1024999.0,85417.0,808.0,Good,1606589.0,48,0.0,4.7,3024537.0,277652.0,3806508.0,0,0,1
63,Graduate,2,Contract,1.7,519806.0,43317.0,696.0,Good,552017.0,36,339233.0,69.51,135547.0,757512.0,1220148.0,0,3,1
35,Graduate,3,Salaried,2.6,219675.0,18306.0,740.0,Good,499580.0,72,210638.0,95.0,2181127.0,626997.0,2867192.0,0,2,0
45,High School,1,Self-Employed,10.2,378289.0,31524.0,689.0,Good,1155351.0,60,177493.0,54.25,3318102.0,549638.0,4173281.0,0,1,0
44,Postgraduate,3,Self-Employed,11.4,384528.0,32044.0,636.0,Good,619635.0,60,137700.0,39.68,1598494.0,625407.0,2687500.0,1,2,0
59,Graduate,0,Salaried,2.1,663565.0,55297.0,681.0,Good,779140.0,48,272013.0,44.52,1218236.0,715408.0,2529479.0,0,0,1
40,Graduate,4,Contract,10.4,578799.0,48233.0,788.0,Good,1294382.0,36,193258.0,42.33,2816655.0,711903.0,3828680.0,0,2,1
33,Graduate,2,Salaried,4.3,562424.0,46869.0,722.0,Good,655154.0,72,0.0,2.33,717356.0,206529.0,1385819.0,0,2,1
21,Postgraduate,2,Business,7.1,811123.0,67594.0,552.0,Fair,100000.0,60,579855.0,71.78,1775039.0,813715.0,2596834.0,0,3,0
37,Graduate,0,Business,14.1,738368.0,61531.0,664.0,Good,314512.0,48,246241.0,34.63,656171.0,589378.0,1488368.0,0,2,1
58,Postgraduate,2,Contract,11.0,732172.0,61014.0,814.0,Fair,904480.0,72,138974.0,21.45,0.0,347884.0,530881.0,1,2,1
21,High School,0,Self-Employed,11.0,756555.0,63046.0,664.0,Good,100000.0,60,51747.0,7.16,1632817.0,581980.0,2533311.0,0,2,1
61,Graduate,4,Salaried,16.5,810195.0,67516.0,545.0,Good,766278.0,84,469561.0,59.58,410265.0,620567.0,1603071.0,0,1,0
45,Postgraduate,3,Business,3.5,150000.0,12500.0,822.0,Good,273557.0,48,14345.0,15.03,1787162.0,878624.0,2965764.0,0,2,1
27,Graduate,2,Business,2.1,555246.0,46270.0,731.0,Good,1637973.0,48,329477.0,68.19,3026533.0,133846.0,3222841.0,0,2,1
34,Graduate,4,Self-Employed,3.4,150000.0,12500.0,675.0,Poor,1874314.0,84,171597.0,95.0,3839681.0,963745.0,4800738.0,2,1,0
45,Postgraduate,4,Business,5.7,659376.0,54948.0,652.0,Good,423811.0,84,184408.0,29.07,1902882.0,508108.0,2990146.0,0,0,1
35,High School,0,Salaried,0.0,648795.0,54066.0,761.0,Good,1015541.0,84,57217.0,11.5,2921137.0,322846.0,3596742.0,0,1,1
25,Graduate,0,Self-Employed,6.0,921838.0,76820.0,639.0,Good,467818.0,72,163530.0,18.75,2238859.0,312135.0,2890610.0,0,2,1
50,Postgraduate,1,Business,4.3,958785.0,79899.0,766.0,Fair,760808.0,48,301939.0,33.87,1378575.0,149521.0,1709350.0,0,2,1
51,Postgraduate,0,Salaried,10.9,702722.0,58560.0,721.0,Good,1711561.0,36,351769.0,59.8,0.0,0.0,303572.0,1,1,1
26,Postgraduate,2,Self-Employed,8.8,519906.0,43326.0,698.0,Fair,689990.0,48,127170.0,28.44,3589142.0,737090.0,4378840.0,0,2,1
33,Postgraduate,2,Contract,4.0,776142.0,64678.0,691.0,Good,771283.0,84,279994.0,37.78,645988.0,1193310.0,2166738.0,0,1,0
31,High School,2,Business,9.9,512741.0,42728.0,667.0,Good,475862.0,48,495460.0,95.0,3321048.0,0.0,3336074.0,0,1,0
50,Postgraduate,0,Business,10.6,649638.0,54136.0,758.0,Fair,1415785.0,60,0.0,5.23,2390488.0,167350.0,2735980.0,2,0,1
53,Graduate,4,Salaried,3.2,906395.0,75533.0,615.0,Good,100000.0,84,298621.0,33.14,726386.0,763054.0,1610861.0,1,0,0
53,Graduate,4,Contract,4.5,504979.0,42082.0,558.0,Good,700741.0,84,90828.0,20.37,2143198.0,484027.0,2225751.0,0,2,0
63,Graduate,2,Salaried,0.0,859476.0,71623.0,726.0,Good,879351.0,84,68409.0,9.71,4146202.0,792047.0,5118895.0,0,2,1
55,Postgraduate,0,Self-Employed,1.5,826124.0,68844.0,727.0,Poor,602515.0,60,357423.0,45.02,3489218.0,464398.0,4023843.0,0,0,1
35,Graduate,1,Salaried,3.3,401754.0,33480.0,716.0,Fair,1288595.0,60,180045.0,52.51,1236016.0,296780.0,1740718.0,0,1,0
25,Postgraduate,3,Business,7.4,903212.0,75268.0,711.0,Good,1440912.0,84,32303.0,6.31,1016821.0,420955.0,1688121.0,0,2,0
48,High School,3,Contract,2.3,831627.0,69302.0,656.0,Fair,264582.0,36,591342.0,72.38,1910229.0,0.0,2513815.0,1,1,0
62,High School,1,Business,4.4,676501.0,56375.0,739.0,Good,1842069.0,36,502420.0,85.16,1617935.0,99780.0,2028657.0,3,2,0
64,Graduate,4,Self-Employed,0.9,451796.0,37650.0,677.0,Good,259534.0,84,0.0,1.0,3119711.0,831898.0,4268432.0,0,1,1
31,High School,4,Salaried,7.9,426606.0,35550.0,643.0,Fair,1479884.0,60,0.0,8.33,2613548.0,917165.0,3879836.0,0,4,0
31,Graduate,2,Self-Employed,9.1,510208.0,42517.0,657.0,Fair,967422.0,60,430561.0,88.94,0.0,992158.0,1416520.0,0,2,0
22,Graduate,1,Self-Employed,9.0,791075.0,65923.0,832.0,Fair,673335.0,36,237328.0,33.41,2304543.0,654304.0,3299703.0,0,3,1
27,Graduate,2,Salaried,7.1,401537.0,33461.0,550.0,Fair,715785.0,60,630126.0,95.0,1603000.0,0.0,1909343.0,1,0,0
45,High School,0,Self-Employed,0.0,763753.0,63646.0,717.0,Good,884919.0,84,435594.0,59.02,1840819.0,277748.0,2510816.0,0,1,1
45,High School,2,Business,3.9,327144.0,27262.0,554.0,Poor,993788.0,60,365882.0,95.0,2073837.0,963629.0,2802139.0,1,0,0
37,Graduate,0,Business,5.0,596942.0,49745.0,672.0,Good,485931.0,48,75190.0,15.04,3118602.0,1068069.0,4854481.0,1,1,1
34,Graduate,0,Business,5.0,678508.0,56542.0,647.0,Good,794727.0,60,408117.0,62.96,2875572.0,976927.0,4420445.0,0,2,0
58,High School,2,Salaried,7.4,1285734.0,107144.0,524.0,Fair,553197.0,72,19332.0,2.36,975283.0,417312.0,1686022.0,0,0,0
41,High School,2,Self-Employed,14.1,291898.0,24325.0,709.0,Good,353228.0,72,587154.0,95.0,1735527.0,42698.0,1745624.0,0,0,1
57,High School,4,Salaried,11.1,1032724.0,86060.0,651.0,Good,532210.0,48,392870.0,39.59,1306626.0,485779.0,2284475.0,0,1,0
64,Graduate,2,Salaried,2.1,688959.0,57413.0,523.0,Fair,382511.0,60,118537.0,18.54,0.0,505182.0,616407.0,2,2,0
35,High School,4,Salaried,10.4,756905.0,63075.0,743.0,Good,710930.0,36,477029.0,66.78,1679692.0,1047948.0,3084408.0,0,1,1
30,Graduate,4,Salaried,10.2,680770.0,56731.0,788.0,Good,1094614.0,48,793135.0,95.0,3829230.0,579727.0,4402376.0,0,0,1
63,Graduate,1,Salaried,3.0,765629.0,63802.0,792.0,Good,954320.0,36,252124.0,37.92,0.0,505838.0,1201119.0,0,1,1
49,Graduate,4,Self-Employed,11.2,610042.0,50837.0,707.0,Good,1788455.0,60,421091.0,76.06,1773532.0,525723.0,2260812.0,0,0,1
34,Graduate,2,Salaried,6.2,1028053.0,85671.0,683.0,Good,100000.0,60,204998.0,20.17,1738248.0,639951.0,2641996.0,0,1,1
48,Graduate,2,Salaried,0.0,531318.0,44276.0,780.0,Good,1111203.0,48,318777.0,66.27,2116509.0,719254.0,2661326.0,0,4,1
44,Postgraduate,0,Salaried,9.3,944381.0,78698.0,806.0,Fair,902889.0,36,0.0,3.82,741003.0,246412.0,1229171.0,0,0,1
61,Graduate,1,Self-Employed,8.1,482465.0,40205.0,765.0,Good,1267052.0,36,299884.0,72.66,232378.0,129833.0,527154.0,0,2,1
32,Graduate,2,Salaried,5.9,634335.0,52861.0,609.0,Fair,1222409.0,36,309587.0,56.51,283543.0,979695.0,1740675.0,1,2,1
65,Postgraduate,1,Salaried,6.8,371290.0,30941.0,695.0,Poor,825754.0,60,695780.0,95.0,3264027.0,0.0,3428951.0,0,0,0
63,Graduate,2,Self-Employed,3.4,768306.0,64026.0,713.0,Good,977693.0,36,0.0,5.09,719045.0,1073212.0,2269982.0,0,1,1
29,Graduate,0,Salaried,10.1,1025733.0,85478.0,544.0,Poor,565169.0,24,238206.0,26.53,1250482.0,0.0,1295658.0,0,4,0
28,Postgraduate,1,Contract,6.8,629887.0,52491.0,715.0,Good,1176156.0,84,583386.0,95.0,4115096.0,295411.0,4604115.0,1,1,1
44,High School,3,Salaried,7.8,598810.0,49901.0,850.0,Good,100000.0,36,246810.0,41.88,992319.0,840149.0,2030086.0,1,0,1
23,Postgraduate,3,Salaried,8.8,360200.0,30017.0,728.0,Poor,1249572.0,72,262305.0,79.76,2176640.0,500120.0,3025878.0,0,1,1
34,Graduate,4,Salaried,1.2,590384.0,49199.0,791.0,Fair,889572.0,60,116683.0,23.38,2970193.0,39233.0,3333101.0,0,0,1
40,Graduate,4,Self-Employed,2.5,235873.0,19656.0,694.0,Good,680822.0,60,94827.0,47.13,2917292.0,649250.0,3960987.0,0,3,1
64,Graduate,4,Salaried,0.0,412652.0,34388.0,675.0,Good,795360.0,60,0.0,4.63,335266.0,523452.0,1162084.0,0,1,1
65,High School,0,Business,9.8,708964.0,59080.0,709.0,Good,828362.0,36,161573.0,27.46,1015312.0,424383.0,1821958.0,0,0,1
27,Postgraduate,3,Salaried,0.9,992943.0,82745.0,619.0,Poor,1483787.0,72,82342.0,11.28,2132600.0,281627.0,2484654.0,0,2,0
61,High School,1,Self-Employed,7.7,1380395.0,115033.0,608.0,Good,2355072.0,72,325969.0,27.03,3921919.0,487888.0,4737567.0,0,0,0
25,Graduate,1,Salaried,8.9,497488.0,41457.0,775.0,Good,1448942.0,48,126713.0,34.21,962338.0,296327.0,1830306.0,0,1,1
54,Graduate,1,Salaried,10.0,1023178.0,85265.0,783.0,Good,645603.0,72,194490.0,20.27,1257026.0,1352086.0,2523113.0,0,0,1
59,Graduate,2,Salaried,1.0,713376.0,59448.0,606.0,Good,1183402.0,60,200515.0,32.09,2261532.0,415994.0,3025328.0,0,0,0
61,High School,0,Self-Employed,6.7,610676.0,50890.0,753.0,Good,1202998.0,72,289404.0,51.33,2481624.0,369185.0,3236165.0,1,1,1
31,Postgraduate,2,Salaried,15.4,762475.0,63540.0,673.0,Good,483678.0,72,183725.0,25.36,2548279.0,310427.0,3400943.0,0,3,0
61,Graduate,0,Contract,15.6,666098.0,55508.0,705.0,Good,332640.0,24,66407.0,12.97,869009.0,1121933.0,2386151.0,0,1,1
26,Postgraduate,2,Business,11.9,678703.0,56559.0,715.0,Good,871524.0,72,318869.0,49.55,1214747.0,0.0,1484810.0,0,1,1
44,High School,3,Contract,8.7,543833.0,45319.0,755.0,Good,1263468.0,84,534846.0,95.0,2037051.0,625801.0,2998867.0,0,1,0
42,High School,0,Salaried,2.0,286491.0,23874.0,686.0,Good,174686.0,60,328263.0,95.0,3188542.0,416249.0,3707783.0,0,1,0
35,Graduate,0,Business,10.6,248657.0,20721.0,786.0,Good,575596.0,24,165840.0,80.58,1537668.0,1810.0,1711884.0,2,2,0
21,High School,4,Self-Employed,6.2,819844.0,68320.0,703.0,Fair,1157693.0,72,272908.0,36.11,1775468.0,213323.0,1971650.0,1,1,0
55,Graduate,3,Self-Employed,9.8,578058.0,48172.0,727.0,Good,918776.0,60,0.0,3.81,671479.0,610934.0,1829819.0,1,1,1
36,High School,1,Contract,3.8,495017.0,41251.0,618.0,Good,1537323.0,48,269331.0,63.73,3849550.0,197462.0,4387043.0,1,2,0
50,Postgraduate,4,Self-Employed,6.1,652211.0,54351.0,842.0,Good,264885.0,72,211922.0,33.31,1969689.0,590847.0,2627314.0,0,3,1
39,Postgraduate,1,Business,7.8,856682.0,71390.0,715.0,Good,1958474.0,60,94639.0,16.53,2985530.0,1105204.0,4395005.0,1,1,1
37,Postgraduate,4,Business,8.2,696895.0,58075.0,733.0,Fair,207903.0,72,134538.0,19.9,1832887.0,559710.0,2874467.0,0,1,1
60,Postgraduate,0,Salaried,9.5,479426.0,39952.0,559.0,Fair,100000.0,60,209748.0,44.25,1893794.0,0.0,2342352.0,0,3,0
25,Postgraduate,3,Self-Employed,4.1,968836.0,80736.0,618.0,Good,873489.0,36,518341.0,57.11,149660.0,203621.0,417753.0,0,0,0
54,Graduate,0,Self-Employed,0.3,1060588.0,88382.0,773.0,Good,389493.0,84,540253.0,51.57,0.0,400108.0,23340.0,0,3,1
54,Graduate,0,Contract,15.1,778585.0,64882.0,702.0,Good,882560.0,60,95812.0,15.03,3177096.0,376718.0,3882891.0,0,0,1
38,Postgraduate,2,Business,19.4,903153.0,75263.0,536.0,Fair,866823.0,60,186023.0,22.9,1885864.0,553205.0,2511695.0,0,2,0
32,Postgraduate,0,Salaried,9.2,972910.0,81076.0,758.0,Good,811902.0,48,191630.0,22.2,2027071.0,609355.0,3010892.0,1,1,1
21,Postgraduate,2,Salaried,0.4,943826.0,78652.0,639.0,Poor,520915.0,36,478100.0,52.86,426041.0,1105685.0,1971780.0,1,0,0
63,Postgraduate,1,Salaried,3.1,809666.0,67472.0,786.0,Good,1094695.0,60,332011.0,44.25,806629.0,498698.0,1778054.0,1,0,1
63,High School,0,Self-Employed,9.5,805570.0,67131.0,673.0,Poor,757198.0,48,320414.0,42.59,2968532.0,96732.0,3664212.0,1,2,0
31,Postgraduate,4,Salaried,13.7,785112.0,65426.0,695.0,Good,1396649.0,84,417978.0,56.29,3714158.0,903832.0,5115261.0,0,2,1
22,Postgraduate,4,Business,0.9,364692.0,30391.0,768.0,Good,818832.0,84,168789.0,50.13,1116599.0,942059.0,2658568.0,1,0,1
26,Graduate,4,Self-Employed,6.4,832188.0,69349.0,613.0,Good,465909.0,72,600055.0,73.23,2538632.0,581355.0,3645799.0,0,0,0
24,Postgraduate,0,Business,8.0,297488.0,24791.0,606.0,Good,140530.0,36,299616.0,95.0,2009027.0,413762.0,2966033.0,0,0,1
58,Graduate,1,Salaried,11.3,443404.0,36950.0,665.0,Poor,822551.0,60,111699.0,29.64,1667418.0,717891.0,2627135.0,1,2,1
61,Postgraduate,1,Self-Employed,5.3,988927.0,82411.0,742.0,Good,328858.0,12,249479.0,29.22,3837155.0,426122.0,4255412.0,0,1,1
27,High School,1,Salaried,0.0,868457.0,72371.0,580.0,Good,292517.0,72,571024.0,66.43,1301478.0,0.0,2047932.0,1,0,0
54,Postgraduate,2,Business,10.1,1036724.0,86394.0,555.0,Poor,1137356.0,60,206469.0,22.55,3164784.0,697216.0,4124591.0,0,1,0
29,High School,2,Salaried,12.6,579365.0,48280.0,742.0,Good,100048.0,84,508903.0,88.13,2219566.0,812288.0,3527596.0,0,0,1
37,Graduate,2,Salaried,6.6,350415.0,29201.0,635.0,Good,1535487.0,48,162424.0,59.5,1781422.0,1004381.0,2925748.0,0,1,0
47,High School,1,Salaried,9.0,587486.0,48957.0,651.0,Good,971872.0,36,131554.0,29.01,3309219.0,244235.0,3996238.0,0,1,1
53,Graduate,4,Business,4.6,676528.0,56377.0,541.0,Good,880271.0,84,445111.0,68.02,2119148.0,579158.0,2459313.0,0,1,0
60,High School,4,Salaried,2.8,670537.0,55878.0,629.0,Poor,434355.0,60,107726.0,17.62,1693930.0,586730.0,2448571.0,0,2,0
23,Postgraduate,1,Self-Employed,12.1,944757.0,78730.0,679.0,Good,1243968.0,72,480959.0,53.54,3317386.0,529884.0,4077588.0,1,1,0
29,Graduate,1,Business,8.9,556070.0,46339.0,750.0,Fair,898693.0,72,377358.0,71.09,3174188.0,540200.0,4056910.0,1,1,1
33,Postgraduate,2,Business,9.5,741529.0,61794.0,622.0,Good,591257.0,60,107809.0,16.45,3122160.0,512998.0,4099563.0,0,3,0
34,Graduate,1,Salaried,14.5,392957.0,32746.0,804.0,Good,989921.0,48,284283.0,79.9,0.0,574112.0,605283.0,1,1,1
65,High School,4,Salaried,1.7,767082.0,63924.0,629.0,Fair,142747.0,60,179270.0,23.82,2284194.0,759238.0,3425426.0,0,2,1
55,Postgraduate,2,Salaried,4.2,650808.0,54234.0,629.0,Fair,164103.0,72,376775.0,58.4,2033329.0,927101.0,3455763.0,0,1,0
35,Graduate,0,Salaried,7.8,455049.0,37921.0,795.0,Good,395916.0,84,715316.0,95.0,1761650.0,235284.0,2716116.0,0,0,1
64,Graduate,0,Self-Employed,4.2,588684.0,49057.0,696.0,Good,1057287.0,48,218445.0,42.5,2470758.0,439695.0,3301779.0,0,1,1
43,Postgraduate,0,Salaried,10.9,602114.0,50176.0,639.0,Good,898534.0,60,417431.0,72.91,2086613.0,352087.0,2596799.0,0,1,1
43,Postgraduate,1,Salaried,6.1,579760.0,48313.0,668.0,Fair,1372041.0,36,305377.0,62.14,2545588.0,302015.0,2843250.0,0,1,0
40,Graduate,1,Salaried,2.0,1110549.0,92546.0,781.0,Good,486005.0,60,305293.0,28.54,1505242.0,0.0,2121082.0,0,0,1
27,Postgraduate,4,Self-Employed,7.3,624404.0,52034.0,790.0,Good,1158601.0,72,263655.0,45.94,3447999.0,508478.0,4353945.0,0,1,1
63,Graduate,4,Salaried,7.9,586587.0,48882.0,619.0,Good,848758.0,72,111368.0,21.88,2656839.0,667762.0,3570206.0,0,1,1
21,Graduate,0,Self-Employed,11.7,150000.0,12500.0,677.0,Fair,475630.0,48,373731.0,95.0,2396779.0,445715.0,2768530.0,3,1,0
28,Graduate,4,Salaried,9.0,417506.0,34792.0,687.0,Good,1073388.0,48,236477.0,64.35,2343076.0,496865.0,2903704.0,0,2,0
31,High School,2,Contract,9.3,581601.0,48467.0,606.0,Good,870295.0,36,100944.0,23.34,3073009.0,646453.0,4095726.0,0,1,0
33,High School,1,Self-Employed,8.6,471678.0,39306.0,676.0,Fair,616896.0,36,523118.0,95.0,2923857.0,993892.0,4238516.0,0,1,0
26,Postgraduate,2,Salaried,6.1,1009244.0,84104.0,680.0,Good,918900.0,48,321782.0,34.61,1675951.0,353082.0,1889767.0,0,0,1
21,Graduate,2,Salaried,3.4,607116.0,50593.0,766.0,Good,841711.0,72,249818.0,43.92,2889341.0,89936.0,3355800.0,1,2,1
51,Graduate,0,Salaried,8.4,984996.0,82083.0,771.0,Good,830840.0,48,594812.0,62.92,1991457.0,468346.0,2396116.0,0,2,1
64,Graduate,4,Salaried,5.3,666043.0,55504.0,655.0,Good,714333.0,48,0.0,3.22,3908619.0,1159246.0,5588667.0,1,1,1
26,High School,0,Salaried,15.4,659679.0,54973.0,664.0,Poor,312773.0,60,580021.0,89.06,3007501.0,93685.0,3392897.0,1,2,1
34,Graduate,0,Business,13.7,626913.0,52243.0,730.0,Good,933644.0,36,106359.0,22.92,1111830.0,727547.0,1996693.0,0,2,1
43,Postgraduate,1,Self-Employed,10.2,650987.0,54249.0,636.0,Good,538779.0,36,346537.0,56.54,4363782.0,905270.0,5717083.0,2,0,0
62,Graduate,0,Salaried,8.9,1096887.0,91407.0,724.0,Good,440852.0,84,170626.0,16.24,0.0,0.0,320700.0,0,0,1
52,High School,0,Self-Employed,6.6,150000.0,12500.0,673.0,Good,791685.0,24,96940.0,95.0,2501090.0,643578.0,3659654.0,0,2,0
55,Graduate,1,Salaried,0.7,150000.0,12500.0,607.0,Good,1230312.0,48,589055.0,95.0,1034128.0,711194.0,2011417.0,0,0,0
47,Graduate,1,Contract,5.9,508776.0,42398.0,608.0,Fair,983526.0,60,708368.0,95.0,3870398.0,406433.0,4554595.0,0,1,0
39,Graduate,0,Salaried,7.5,653777.0,54481.0,789.0,Good,660986.0,36,251330.0,42.49,2078087.0,273747.0,2544784.0,0,0,1
29,Postgraduate,4,Business,8.1,829427.0,69119.0,668.0,Good,642894.0,36,373804.0,48.17,926825.0,293268.0,1522686.0,0,1,0
59,Graduate,4,Business,9.3,773003.0,64417.0,803.0,Good,1186116.0,36,312538.0,46.57,1506856.0,385001.0,2481447.0,0,2,1
57,Graduate,3,Salaried,11.6,550096.0,45841.0,641.0,Fair,100000.0,48,680712.0,95.0,1014675.0,394266.0,1558388.0,1,1,0
22,Graduate,2,Salaried,3.5,914951.0,76246.0,702.0,Fair,1258814.0,72,0.0,2.75,1463645.0,328228.0,2171464.0,0,2,1
53,Graduate,4,Salaried,3.6,917851.0,76488.0,850.0,Good,100000.0,48,382967.0,42.05,1438488.0,379434.0,1891833.0,0,2,1
24,Graduate,1,Business,14.3,697855.0,58155.0,601.0,Good,263066.0,48,140032.0,21.2,973729.0,916777.0,1727160.0,0,2,1
54,High School,2,Self-Employed,10.9,900291.0,75024.0,538.0,Poor,668580.0,48,0.0,2.23,2097070.0,74950.0,2463512.0,0,2,0
58,Postgraduate,0,Self-Employed,5.0,720888.0,60074.0,776.0,Fair,1876556.0,84,220683.0,35.08,2230347.0,0.0,2554428.0,0,2,1
26,Graduate,3,Business,6.5,504014.0,42001.0,618.0,Good,1654839.0,24,706571.0,95.0,704063.0,922375.0,1854428.0,0,0,0
40,Graduate,0,Business,6.5,831432.0,69286.0,678.0,Fair,1217919.0,72,155669.0,21.65,0.0,432794.0,383597.0,0,2,0
26,High School,3,Salaried,7.2,678759.0,56563.0,636.0,Poor,1060444.0,48,473968.0,74.52,2142052.0,364119.0,2817031.0,0,2,0
46,Postgraduate,3,Self-Employed,9.4,650348.0,54196.0,700.0,Good,100000.0,84,563708.0,86.94,2385113.0,461074.0,3149450.0,0,1,1
62,High School,1,Business,19.7,1032968.0,86081.0,609.0,Good,970541.0,48,297207.0,31.59,2603238.0,573247.0,3248729.0,0,5,0
24,Graduate,3,Salaried,7.9,150000.0,12500.0,667.0,Good,652850.0,24,326500.0,95.0,2406292.0,316582.0,2702176.0,0,1,0
38,Postgraduate,1,Business,10.3,281402.0,23450.0,714.0,Good,532499.0,60,0.0,4.54,3529988.0,677076.0,4406586.0,1,1,1
64,Graduate,1,Salaried,0.0,341362.0,28447.0,604.0,Fair,969661.0,36,142444.0,53.09,2896775.0,163208.0,3440569.0,0,3,0
34,Postgraduate,2,Salaried,4.6,555552.0,46296.0,627.0,Good,688000.0,60,499542.0,92.89,4747811.0,394361.0,5475503.0,0,2,0
26,High School,1,Business,13.1,583802.0,48650.0,654.0,Good,1291185.0,60,313349.0,58.98,5210712.0,0.0,5284545.0,1,0,1
42,Graduate,3,Salaried,9.0,258095.0,21508.0,573.0,Good,100000.0,60,380815.0,95.0,0.0,910283.0,1187668.0,0,0,0
43,Postgraduate,1,Salaried,0.0,393859.0,32822.0,648.0,Fair,933755.0,36,329295.0,93.09,0.0,438369.0,865794.0,1,2,0
50,Graduate,2,Salaried,10.4,426181.0,35515.0,689.0,Good,504406.0,60,782241.0,95.0,1791870.0,734536.0,2541873.0,1,0,0
35,Graduate,4,Self-Employed,16.6,1288930.0,107411.0,650.0,Good,715664.0,48,205286.0,17.59,2354656.0,666801.0,3284088.0,1,0,1
64,Graduate,1,Business,0.0,1118453.0,93204.0,660.0,Good,1037082.0,84,653190.0,59.99,1716526.0,692435.0,2926889.0,1,2,0
44,Postgraduate,2,Salaried,14.6,542945.0,45245.0,679.0,Fair,397211.0,60,329371.0,62.42,2573938.0,497279.0,3066231.0,0,0,1
33,Postgraduate,4,Salaried,0.0,555468.0,46289.0,631.0,Good,973904.0,60,672724.0,95.0,1502734.0,635880.0,2619719.0,0,0,1
64,Graduate,1,Salaried,11.7,351207.0,29267.0,732.0,Good,804448.0,72,30505.0,13.27,1036654.0,163550.0,1774041.0,0,3,1
62,Postgraduate,0,Contract,7.0,153886.0,12824.0,788.0,Fair,602736.0,60,340623.0,95.0,1202820.0,90088.0,1498467.0,1,1,1
43,Graduate,1,Salaried,0.0,619611.0,51634.0,645.0,Good,688242.0,60,213389.0,37.11,1579815.0,464613.0,2225826.0,1,1,0
22,Graduate,4,Contract,9.2,390558.0,32546.0,716.0,Fair,830452.0,36,330684.0,93.17,2727864.0,262078.0,3446561.0,0,2,0
47,Graduate,3,Business,12.8,627939.0,52328.0,662.0,Good,554474.0,60,568923.0,92.72,1264585.0,998912.0,2476271.0,0,1,0
45,Graduate,4,Salaried,8.8,233946.0,19496.0,707.0,Fair,903193.0,48,383338.0,95.0,1482134.0,631301.0,1892810.0,0,1,1
27,Postgraduate,1,Business,9.9,451887.0,37657.0,797.0,Good,774821.0,24,568484.0,95.0,2427239.0,249232.0,2906712.0,0,1,0
49,Graduate,4,Self-Employed,4.9,688643.0,57387.0,718.0,Good,624923.0,72,152551.0,23.97,1581324.0,404961.0,2330366.0,0,2,1
58,High School,1,Self-Employed,0.0,745214.0,62101.0,547.0,Good,1615429.0,24,118976.0,28.97,3028382.0,546552.0,3972951.0,2,1,0
25,Graduate,3,Salaried,10.5,758543.0,63212.0,714.0,Poor,1086858.0,60,303543.0,43.46,788543.0,476199.0,1338616.0,0,0,1
53,Postgraduate,4,Business,15.7,306673.0,25556.0,772.0,Fair,727779.0,36,291497.0,95.0,550000.0,595111.0,1341151.0,0,1,1
27,Postgraduate,1,Business,12.6,872218.0,72685.0,663.0,Good,965637.0,48,259111.0,33.03,2135092.0,524029.0,3104502.0,0,3,0
54,High School,4,Business,0.0,441945.0,36829.0,755.0,Good,437931.0,72,89101.0,22.14,2244717.0,13270.0,2495987.0,0,1,1
39,High School,3,Contract,0.0,814543.0,67879.0,628.0,Good,703453.0,24,563703.0,74.39,848545.0,0.0,792797.0,0,0,0
21,Graduate,3,Salaried,2.8,647234.0,53936.0,569.0,Good,755965.0,60,220176.0,36.82,3277955.0,369237.0,4144720.0,1,0,0
64,High School,3,Business,0.0,292139.0,24345.0,691.0,Good,338943.0,60,613737.0,95.0,3917430.0,696172.0,4820780.0,1,1,0
28,Postgraduate,0,Business,7.2,567789.0,47316.0,548.0,Fair,1074309.0,72,302804.0,57.11,1109360.0,373171.0,1950775.0,0,0,0
47,Graduate,3,Salaried,9.0,744995.0,62083.0,662.0,Good,672474.0,36,442654.0,63.03,3436031.0,932797.0,4339737.0,0,1,0
29,Graduate,1,Salaried,0.0,809371.0,67448.0,777.0,Fair,740040.0,72,422696.0,54.05,0.0,483590.0,709393.0,1,0,1
62,High School,1,Salaried,10.9,613343.0,51112.0,537.0,Good,644076.0,48,118660.0,22.5,2983723.0,975019.0,4310689.0,1,2,0
54,Graduate,0,Business,10.0,1048263.0,87355.0,584.0,Fair,2231591.0,48,380785.0,42.71,856461.0,903166.0,1992198.0,1,1,0
57,Postgraduate,0,Salaried,4.3,911953.0,75996.0,603.0,Good,601823.0,48,724233.0,81.4,2873680.0,867950.0,3755029.0,0,0,1
40,Graduate,4,Business,6.1,583270.0,48606.0,675.0,Good,100000.0,48,355355.0,61.44,742596.0,78771.0,594006.0,1,2,0
42,High School,1,Salaried,0.0,845032.0,70419.0,653.0,Fair,180031.0,60,498281.0,59.48,1724664.0,505999.0,2785316.0,0,3,0
49,High School,1,Salaried,5.3,1152786.0,96066.0,785.0,Good,1241686.0,24,452520.0,45.72,908873.0,927971.0,2136452.0,0,2,1
56,Postgraduate,2,Self-Employed,7.0,1159726.0,96644.0,752.0,Fair,1501404.0,48,367551.0,35.58,1564731.0,595321.0,2643412.0,1,2,0
59,Postgraduate,3,Salaried,7.8,330720.0,27560.0,717.0,Fair,593191.0,60,341025.0,95.0,3812916.0,694026.0,4942676.0,1,3,0
21,High School,2,Business,8.9,409101.0,34092.0,691.0,Poor,1475527.0,60,420409.0,95.0,1681268.0,14239.0,2064876.0,0,1,0
50,Graduate,2,Salaried,8.2,1036079.0,86340.0,709.0,Fair,1233715.0,36,467922.0,49.93,4121332.0,1171576.0,5478641.0,0,1,0
25,High School,4,Contract,5.7,374847.0,31237.0,615.0,Good,814734.0,48,2524.0,7.19,1375606.0,223019.0,1946578.0,0,2,0
33,Graduate,2,Salaried,8.4,306139.0,25512.0,744.0,Good,782799.0,48,354407.0,95.0,3440941.0,0.0,3977448.0,0,2,0
58,High School,3,Contract,12.0,523590.0,43632.0,597.0,Fair,981392.0,60,259503.0,54.06,11738.0,377106.0,655446.0,1,0,0
32,Postgraduate,4,Self-Employed,6.5,759259.0,63272.0,743.0,Good,1294855.0,72,213864.0,31.58,1484840.0,0.0,2115180.0,0,2,1
56,Postgraduate,3,Salaried,8.6,623377.0,51948.0,769.0,Good,1078783.0,60,585112.0,95.0,1210279.0,120206.0,1280601.0,0,0,1
41,High School,0,Salaried,6.1,480853.0,40071.0,696.0,Good,595436.0,60,138708.0,31.82,3491476.0,1395479.0,4815573.0,1,0,1
31,Graduate,1,Salaried,3.8,474705.0,39559.0,667.0,Fair,821607.0,24,0.0,10.38,2003774.0,366986.0,2818375.0,0,1,1
36,High School,3,Self-Employed,9.6,464792.0,38733.0,710.0,Good,1791569.0,84,475058.0,95.0,0.0,274.0,86525.0,1,1,0
44,Graduate,2,Business,4.2,421327.0,35111.0,465.0,Good,1013046.0,48,0.0,7.21,358857.0,508854.0,1526378.0,0,3,0
55,High School,1,Salaried,8.9,1243225.0,103602.0,703.0,Poor,1291196.0,48,0.0,3.12,686072.0,185769.0,1389309.0,1,2,1
48,Graduate,1,Salaried,7.1,727353.0,60613.0,671.0,Fair,1142948.0,36,499819.0,75.0,2827455.0,802582.0,4197551.0,0,0,1
62,Postgraduate,0,Self-Employed,5.5,880557.0,73380.0,676.0,Good,1023011.0,24,334919.0,45.01,2685508.0,188659.0,3301054.0,0,0,1
60,High School,1,Self-Employed,5.4,522840.0,43570.0,733.0,Good,948915.0,72,403998.0,80.9,1469561.0,594757.0,2130001.0,0,2,0
54,Postgraduate,3,Self-Employed,4.5,601651.0,50138.0,674.0,Fair,1303826.0,36,202666.0,42.35,1196639.0,98529.0,1213300.0,0,4,0
48,High School,0,Salaried,0.0,464476.0,38706.0,594.0,Good,1223389.0,36,0.0,10.54,2588027.0,1409660.0,4546746.0,0,0,0
34,Graduate,4,Business,8.9,150000.0,12500.0,669.0,Good,1018752.0,36,39127.0,53.25,557525.0,676268.0,1183879.0,1,1,0
39,Graduate,1,Contract,8.2,291718.0,24310.0,685.0,Fair,587807.0,84,240118.0,85.77,2303436.0,449073.0,3319486.0,0,1,0
26,Postgraduate,4,Salaried,11.2,179239.0,14937.0,689.0,Good,1073501.0,72,20071.0,23.18,2209770.0,397465.0,2991158.0,2,0,0
37,High School,1,Salaried,4.3,150000.0,12500.0,692.0,Good,869846.0,84,367552.0,95.0,1497951.0,306240.0,2038940.0,0,3,0
62,High School,4,Salaried,16.5,339207.0,28267.0,758.0,Good,761285.0,72,198259.0,62.94,2237446.0,233680.0,2809536.0,0,1,1
40,Graduate,2,Self-Employed,5.1,994488.0,82874.0,599.0,Good,2105449.0,72,340708.0,38.49,1912304.0,224061.0,2479423.0,0,1,0
26,Graduate,4,Salaried,2.6,638447.0,53204.0,693.0,Good,207427.0,48,334133.0,53.31,2347161.0,1087415.0,3644094.0,0,1,0
50,Graduate,0,Contract,2.0,985547.0,82129.0,777.0,Good,1331331.0,36,385096.0,44.48,332487.0,306585.0,1174209.0,0,1,1
64,High School,3,Self-Employed,0.0,756855.0,63071.0,550.0,Poor,511798.0,48,409886.0,56.19,2475952.0,0.0,3004232.0,0,1,0
60,Graduate,1,Self-Employed,14.7,853465.0,71122.0,693.0,Fair,959038.0,36,224342.0,30.78,2929261.0,91911.0,3302304.0,0,2,1
33,Postgraduate,1,Business,13.9,415767.0,34647.0,636.0,Good,2055864.0,60,340473.0,93.76,2153047.0,824704.0,3107752.0,0,0,0
41,Graduate,0,Salaried,10.0,786227.0,65519.0,652.0,Good,466934.0,12,351922.0,51.89,2461337.0,411687.0,3384215.0,0,2,1
44,Graduate,4,Business,2.5,839466.0,69956.0,612.0,Good,574257.0,36,0.0,2.74,1679089.0,453071.0,1977648.0,1,1,0
32,Graduate,3,Salaried,16.1,500072.0,41673.0,667.0,Good,892119.0,60,442236.0,92.72,2780466.0,909435.0,4028680.0,1,1,0
33,Graduate,4,Self-Employed,5.2,795480.0,66290.0,818.0,Good,518752.0,36,332987.0,44.47,1871772.0,227992.0,2497679.0,0,3,1
31,Postgraduate,2,Contract,5.7,797209.0,66434.0,585.0,Good,1297825.0,24,424091.0,62.96,537265.0,721346.0,1342941.0,0,0,0
65,Graduate,0,Business,14.2,507116.0,42260.0,592.0,Good,659462.0,24,16894.0,11.13,2702238.0,266241.0,3413236.0,0,1,0
54,High School,1,Business,10.3,358080.0,29840.0,582.0,Good,1194304.0,60,230530.0,72.38,2439.0,701557.0,948719.0,1,2,0
58,Postgraduate,2,Salaried,18.0,342127.0,28511.0,810.0,Good,301865.0,36,59864.0,21.03,2111058.0,363103.0,2615021.0,0,1,1
57,Graduate,0,Business,8.2,672491.0,56041.0,645.0,Fair,100000.0,36,463812.0,69.56,1377355.0,415458.0,2235458.0,0,1,0
64,Graduate,4,Self-Employed,5.0,735023.0,61252.0,678.0,Poor,796957.0,36,0.0,4.34,1307062.0,787047.0,2126972.0,0,0,1
25,Graduate,4,Self-Employed,3.9,443943.0,36995.0,650.0,Fair,194171.0,60,95696.0,22.61,1989188.0,761809.0,3174836.0,0,1,0
60,Graduate,2,Salaried,0.0,656912.0,54743.0,609.0,Poor,1583221.0,36,417549.0,73.2,1019783.0,442100.0,1315414.0,0,4,0
23,Graduate,2,Salaried,5.6,798340.0,66528.0,662.0,Good,211588.0,12,161538.0,23.41,2363427.0,334932.0,3005500.0,0,0,1
42,Graduate,3,Self-Employed,12.7,810730.0,67561.0,850.0,Good,433041.0,72,95754.0,12.88,1862476.0,1059702.0,3180947.0,0,2,1
47,Graduate,3,Salaried,10.0,1053489.0,87791.0,784.0,Fair,1086129.0,72,499478.0,49.47,1120977.0,706266.0,1969304.0,1,1,1
37,High School,0,Business,7.1,982015.0,81835.0,616.0,Good,636136.0,36,508497.0,54.37,3271998.0,363100.0,3963023.0,1,5,0
27,Postgraduate,2,Business,2.0,389664.0,32472.0,729.0,Good,216725.0,36,458856.0,95.0,2025261.0,271420.0,2530767.0,0,1,1
29,Graduate,3,Contract,8.1,1087732.0,90644.0,618.0,Poor,1817984.0,36,486716.0,51.43,2493881.0,858714.0,3813534.0,0,4,0
58,Graduate,4,Salaried,12.1,511946.0,42662.0,547.0,Fair,449265.0,60,249053.0,50.75,3358248.0,540390.0,4260668.0,0,1,0
35,Graduate,2,Contract,9.2,921667.0,76806.0,756.0,Poor,811684.0,36,254990.0,31.19,3340196.0,442756.0,4123491.0,0,1,1
34,Graduate,4,Salaried,7.8,667677.0,55640.0,767.0,Good,805863.0,84,157422.0,25.65,2437764.0,540241.0,3286377.0,2,1,1
62,Graduate,2,Salaried,3.0,542841.0,45237.0,758.0,Fair,1219639.0,72,336900.0,66.56,1467076.0,618229.0,2240872.0,0,0,1
27,Graduate,1,Business,11.3,179999.0,15000.0,645.0,Good,1108059.0,60,183862.0,95.0,227326.0,480159.0,897124.0,2,0,0
62,Postgraduate,2,Salaried,0.0,605393.0,50449.0,667.0,Good,527940.0,12,204725.0,44.28,2027360.0,921290.0,3248293.0,0,1,1
62,Postgraduate,3,Salaried,8.9,244560.0,20380.0,736.0,Fair,753378.0,72,431978.0,95.0,3004043.0,940768.0,4160139.0,0,0,0
47,Postgraduate,4,Salaried,19.9,901498.0,75125.0,709.0,Good,797885.0,60,560599.0,64.31,2189746.0,686161.0,3348198.0,0,0,1
28,Graduate,1,Self-Employed,0.0,1044366.0,87030.0,650.0,Fair,1237032.0,72,387617.0,39.48,0.0,981152.0,1249842.0,0,0,1
28,Graduate,1,Business,5.8,442803.0,36900.0,559.0,Fair,374255.0,24,694749.0,95.0,2757068.0,502974.0,3585235.0,0,0,1
33,Graduate,3,Salaried,7.0,728512.0,60709.0,689.0,Fair,1808150.0,60,144787.0,25.83,2824649.0,741616.0,3535728.0,0,2,1
46,High School,3,Salaried,4.7,461398.0,38450.0,761.0,Good,558367.0,72,0.0,2.42,1468656.0,851560.0,2758862.0,0,1,1
27,Postgraduate,1,Self-Employed,12.2,486594.0,40550.0,590.0,Good,896063.0,84,457218.0,95.0,2887198.0,856663.0,3877626.0,0,2,0
41,Graduate,3,Salaried,9.4,851369.0,70947.0,728.0,Poor,378005.0,60,130197.0,16.36,2490762.0,820600.0,3352831.0,0,0,1
26,Graduate,0,Business,7.8,639980.0,53332.0,705.0,Good,315828.0,60,239788.0,38.65,1045943.0,720916.0,2346096.0,0,1,1
45,Graduate,1,Contract,11.0,1102308.0,91859.0,736.0,Good,506507.0,48,0.0,1.38,3198431.0,1184995.0,4772950.0,0,0,1
21,Graduate,4,Business,7.1,524620.0,43718.0,745.0,Good,463265.0,60,102174.0,21.6,405775.0,311106.0,1162300.0,0,2,1
52,Graduate,2,Business,22.9,909827.0,75819.0,628.0,Good,713584.0,84,0.0,1.34,1737031.0,445673.0,2523603.0,1,1,0
23,Graduate,4,Self-Employed,7.8,675327.0,56277.0,559.0,Poor,459466.0,60,204453.0,31.91,1627297.0,424921.0,2283588.0,0,1,0
29,Graduate,1,Business,8.0,856902.0,71408.0,640.0,Good,1212999.0,36,213199.0,30.54,892018.0,371176.0,1457273.0,0,2,1
28,Graduate,1,Salaried,0.0,533739.0,44478.0,747.0,Fair,547657.0,12,319791.0,72.23,2134173.0,0.0,2539995.0,1,3,0
58,High School,4,Salaried,4.3,637115.0,53093.0,639.0,Good,497783.0,60,572739.0,91.77,3241406.0,981203.0,4699113.0,0,1,0
23,Postgraduate,4,Self-Employed,12.7,619970.0,51664.0,628.0,Good,723164.0,72,448919.0,74.74,3172516.0,140886.0,3549765.0,0,1,0
40,High School,4,Salaried,0.3,432625.0,36052.0,543.0,Good,1346777.0,24,0.0,18.68,2596031.0,559435.0,3819975.0,0,2,0
47,Graduate,1,Business,0.0,822141.0,68512.0,811.0,Fair,996694.0,48,433763.0,56.4,0.0,2349.0,212885.0,1,0,1
44,Graduate,4,Self-Employed,7.2,819065.0,68255.0,742.0,Good,855140.0,84,324586.0,41.42,330452.0,717251.0,1018901.0,1,3,0
51,Graduate,2,Contract,13.9,804324.0,67027.0,738.0,Good,255130.0,60,278478.0,35.38,1982786.0,225111.0,2113592.0,2,0,1
57,Postgraduate,4,Salaried,7.2,1049611.0,87468.0,753.0,Good,385781.0,36,295006.0,29.58,1762341.0,102413.0,1777199.0,0,1,1
38,Graduate,4,Self-Employed,5.3,1026830.0,85569.0,723.0,Good,324716.0,48,345002.0,34.55,1252112.0,568020.0,1987370.0,0,0,1
58,Postgraduate,2,Business,0.0,552514.0,46043.0,662.0,Good,1488083.0,48,147785.0,34.83,3895856.0,254743.0,4354195.0,0,2,1
35,Postgraduate,1,Salaried,9.3,746994.0,62250.0,668.0,Good,1138753.0,24,259883.0,43.94,1916446.0,299044.0,2602010.0,1,1,1
65,High School,4,Self-Employed,10.3,487864.0,40655.0,648.0,Good,512271.0,60,560467.0,95.0,2396654.0,560126.0,3201058.0,0,1,0
43,High School,2,Self-Employed,0.0,656072.0,54673.0,850.0,Good,646033.0,60,145141.0,24.49,2886683.0,779996.0,4085353.0,1,1,1
54,Graduate,2,Contract,12.7,494065.0,41172.0,722.0,Good,528619.0,60,73425.0,17.43,1860454.0,213560.0,2332993.0,0,1,1
60,Graduate,3,Business,10.8,1071218.0,89268.0,645.0,Fair,501362.0,60,286424.0,27.86,4650168.0,153083.0,5055955.0,1,2,1
56,Graduate,4,Salaried,12.7,744562.0,62047.0,715.0,Fair,1107135.0,12,51275.0,24.73,765590.0,508219.0,1408306.0,0,2,1
59,High School,0,Salaried,9.9,593312.0,49443.0,604.0,Fair,770609.0,36,0.0,5.2,1133321.0,688738.0,2356577.0,0,3,0
45,High School,4,Self-Employed,10.3,960341.0,80028.0,793.0,Fair,1836525.0,36,224217.0,31.0,762892.0,1011964.0,1718559.0,0,1,1
22,Graduate,2,Salaried,9.6,150000.0,12500.0,630.0,Good,1462662.0,24,618697.0,95.0,3518924.0,125035.0,3954221.0,0,0,1
43,Graduate,0,Salaried,11.3,150000.0,12500.0,718.0,Good,1489266.0,60,291507.0,95.0,2682294.0,388712.0,3284676.0,0,1,0
29,Graduate,1,Salaried,0.0,856918.0,71410.0,760.0,Good,1202111.0,36,339287.0,45.21,1201433.0,911525.0,2519309.0,0,1,1
61,Postgraduate,2,Salaried,0.0,665722.0,55477.0,709.0,Good,709803.0,60,0.0,2.56,849736.0,1190583.0,2286153.0,0,0,1
31,High School,3,Self-Employed,3.3,715116.0,59593.0,687.0,Fair,1169006.0,36,396388.0,61.97,3323380.0,152418.0,3727527.0,0,2,1
31,Graduate,2,Salaried,6.4,305137.0,25428.0,681.0,Good,743025.0,24,320540.0,95.0,2197856.0,241416.0,2635944.0,0,1,1
32,Postgraduate,0,Self-Employed,8.9,643959.0,53663.0,676.0,Good,1633624.0,36,153719.0,34.02,3351460.0,633385.0,4513496.0,0,0,1
49,Graduate,2,Salaried,8.6,1170912.0,97576.0,637.0,Good,1081926.0,60,339611.0,31.22,1733836.0,297790.0,2282107.0,0,3,0
46,Graduate,1,Business,12.6,864292.0,72024.0,646.0,Fair,1018062.0,60,337427.0,41.87,2362689.0,234269.0,3240888.0,0,2,0
63,Graduate,1,Salaried,12.7,694124.0,57844.0,791.0,Good,957183.0,72,66913.0,12.4,2130250.0,585565.0,3020264.0,0,0,1
39,High School,3,Business,2.6,535846.0,44654.0,672.0,Good,1683120.0,36,373008.0,82.18,1113478.0,1042297.0,2410127.0,0,0,0
33,Postgraduate,4,Salaried,8.2,547411.0,45618.0,621.0,Good,254812.0,60,563370.0,95.0,1641441.0,41681.0,1904057.0,1,2,0
23,Graduate,0,Self-Employed,2.8,150000.0,12500.0,641.0,Poor,1727230.0,72,249853.0,95.0,497266.0,1024417.0,1884532.0,1,0,0
21,Graduate,3,Salaried,6.1,716987.0,59749.0,763.0,Fair,816231.0,48,109129.0,18.64,2343518.0,298831.0,2774670.0,0,0,1
37,Graduate,2,Salaried,8.6,869826.0,72486.0,731.0,Good,267233.0,24,260932.0,31.84,2637374.0,621027.0,3537549.0,0,3,1
62,Graduate,1,Salaried,0.0,240339.0,20028.0,722.0,Fair,561506.0,36,488015.0,95.0,2889177.0,1056798.0,4197602.0,1,0,0
44,Graduate,3,Business,19.1,478032.0,39836.0,661.0,Good,157137.0,24,30210.0,8.29,2533199.0,613863.0,3462112.0,0,1,1
61,Postgraduate,1,Contract,9.8,349059.0,29088.0,723.0,Good,1194146.0,72,427283.0,95.0,1658969.0,395878.0,2374853.0,0,0,1
25,Graduate,3,Salaried,4.0,399009.0,33251.0,632.0,Good,432768.0,48,150837.0,41.06,3507168.0,751361.0,4588928.0,3,2,0
25,High School,2,Salaried,16.6,663905.0,55325.0,661.0,Good,975900.0,60,353254.0,56.74,2781539.0,439392.0,3489912.0,0,3,0
58,Graduate,0,Business,5.3,150000.0,12500.0,753.0,Good,1410398.0,72,175847.0,95.0,3327401.0,682473.0,4573663.0,0,0,1
25,Postgraduate,3,Self-Employed,7.7,809710.0,67476.0,746.0,Good,597592.0,48,175256.0,23.86,3396415.0,428362.0,4159291.0,1,1,1
23,Graduate,4,Salaried,4.6,846002.0,70500.0,606.0,Fair,779353.0,60,635081.0,77.28,1661840.0,801404.0,3234441.0,0,0,0
39,Graduate,2,Business,15.3,584713.0,48726.0,616.0,Good,313485.0,24,0.0,3.22,2226667.0,12019.0,2498656.0,0,0,1
62,Graduate,3,Self-Employed,6.5,150000.0,12500.0,688.0,Good,725239.0,60,406781.0,95.0,2652022.0,145267.0,3239072.0,0,1,0
52,Postgraduate,0,Self-Employed,7.7,390931.0,32578.0,809.0,Good,2058311.0,24,680891.0,95.0,535944.0,6875.0,647609.0,1,3,0
25,Graduate,1,Salaried,13.0,970555.0,80880.0,536.0,Fair,1250070.0,36,450815.0,51.6,560330.0,480250.0,1570738.0,1,1,0
58,Postgraduate,1,Salaried,9.9,150000.0,12500.0,701.0,Good,780871.0,36,7159.0,25.6,370757.0,0.0,479900.0,0,0,1
58,High School,3,Salaried,6.7,559644.0,46637.0,577.0,Good,624740.0,60,18052.0,5.9,1681090.0,257859.0,2280125.0,0,2,0
57,Postgraduate,1,Business,12.6,343200.0,28600.0,632.0,Good,880815.0,60,134642.0,45.39,1433351.0,112372.0,1742838.0,0,1,0
61,Postgraduate,3,Salaried,19.7,859188.0,71599.0,653.0,Good,958523.0,60,334740.0,41.64,220762.0,1017887.0,1579051.0,0,1,0
31,Graduate,1,Business,8.6,474470.0,39539.0,648.0,Good,711419.0,24,349707.0,82.7,1964294.0,153262.0,2320597.0,1,0,0
65,Graduate,3,Business,7.6,755028.0,62919.0,640.0,Fair,1138527.0,84,20227.0,5.26,1694819.0,49709.0,1836677.0,0,1,1
35,High School,1,Business,7.9,797020.0,66418.0,681.0,Good,470949.0,24,107993.0,17.09,3100464.0,586918.0,3883064.0,1,1,1
57,Graduate,2,Salaried,13.6,1127419.0,93952.0,640.0,Good,468726.0,72,121474.0,11.61,4014277.0,1090387.0,5662980.0,0,0,1
47,High School,0,Salaried,4.0,597235.0,49770.0,570.0,Fair,1066588.0,60,260236.0,47.86,2302095.0,459377.0,3104927.0,0,1,0
56,High School,3,Salaried,5.6,747772.0,62314.0,738.0,Fair,374111.0,60,736633.0,95.0,1033706.0,486448.0,1512384.0,0,3,1
49,Postgraduate,0,Self-Employed,0.0,263886.0,21990.0,736.0,Good,1228058.0,48,94699.0,49.85,2511397.0,951765.0,3932239.0,0,4,0
49,Graduate,4,Contract,1.1,959508.0,79959.0,743.0,Good,893574.0,60,85069.0,11.1,1810233.0,807380.0,2689310.0,0,0,1
48,Graduate,4,Salaried,4.4,452268.0,37689.0,564.0,Poor,100000.0,60,50709.0,11.74,1535862.0,648895.0,2583429.0,0,3,0
56,Graduate,2,Business,6.7,504204.0,42017.0,702.0,Good,949275.0,36,439820.0,94.76,852239.0,296181.0,1509053.0,0,1,0
54,Graduate,4,Salaried,15.8,644216.0,53685.0,731.0,Good,141684.0,72,290905.0,45.6,1289358.0,659585.0,2322205.0,0,0,1
27,Graduate,4,Salaried,9.7,243650.0,20304.0,603.0,Good,1212013.0,24,102830.0,72.05,1604430.0,23726.0,2248794.0,0,1,0
58,Graduate,0,Salaried,2.4,709480.0,59123.0,681.0,Good,788079.0,60,220185.0,33.7,2684506.0,281714.0,3050492.0,0,0,1
45,Graduate,3,Business,3.4,901541.0,75128.0,671.0,Good,1732988.0,60,125868.0,18.57,2362128.0,1001012.0,3735299.0,0,2,1
35,Postgraduate,1,Salaried,13.9,726163.0,60514.0,818.0,Poor,1382091.0,72,365096.0,54.08,3808134.0,955697.0,5265749.0,0,0,1
44,Graduate,4,Salaried,12.6,236887.0,19741.0,824.0,Good,422688.0,48,890563.0,95.0,2541772.0,653120.0,3316224.0,0,0,1
64,Postgraduate,4,Business,7.1,617810.0,51484.0,555.0,Good,100000.0,36,421190.0,68.82,2266724.0,0.0,2367573.0,1,2,0
59,Graduate,4,Self-Employed,4.8,842928.0,70244.0,850.0,Good,560204.0,60,279543.0,34.76,1463147.0,77122.0,1732831.0,0,4,1
58,Graduate,2,Salaried,12.6,161723.0,13477.0,611.0,Good,350434.0,36,153705.0,95.0,658791.0,262185.0,1235923.0,0,2,0
41,High School,0,Salaried,2.0,370561.0,30880.0,754.0,Fair,1721582.0,60,4452.0,12.35,1173117.0,439905.0,1580927.0,0,1,1
56,High School,0,Self-Employed,9.0,877901.0,73158.0,753.0,Poor,895358.0,48,461412.0,55.62,1030177.0,62356.0,1452813.0,0,2,1
38,Postgraduate,0,Salaried,18.4,720225.0,60019.0,605.0,Fair,1320038.0,72,449458.0,66.07,0.0,413790.0,382113.0,0,0,0
51,Graduate,4,Salaried,8.0,757113.0,63093.0,717.0,Poor,771736.0,36,197458.0,30.16,690505.0,1118553.0,2317724.0,0,1,1
49,Graduate,2,Self-Employed,3.1,1133469.0,94456.0,672.0,Good,819150.0,36,566933.0,52.91,3562431.0,640293.0,4555477.0,0,0,1
32,Postgraduate,1,Salaried,9.1,771824.0,64319.0,722.0,Good,885318.0,48,304644.0,42.91,2205460.0,576589.0,3414677.0,0,3,1
32,Graduate,2,Self-Employed,4.6,821051.0,68421.0,697.0,Good,1397943.0,24,470447.0,67.51,1385824.0,143856.0,1913437.0,0,3,0
23,Postgraduate,0,Salaried,0.0,1354794.0,112900.0,770.0,Fair,1040231.0,36,365163.0,30.02,2238328.0,0.0,2427376.0,0,2,1
27,Graduate,2,Salaried,10.5,594411.0,49534.0,686.0,Good,424200.0,48,261030.0,46.06,0.0,70131.0,160396.0,0,0,1
40,Postgraduate,2,Salaried,12.6,442550.0,36879.0,667.0,Good,1630131.0,60,89925.0,29.16,2110307.0,0.0,2408085.0,0,0,1
42,Graduate,3,Salaried,5.4,761227.0,63436.0,762.0,Good,768233.0,36,267982.0,39.24,3205241.0,526262.0,3975453.0,1,2,0
28,High School,0,Salaried,5.1,764138.0,63678.0,724.0,Good,695016.0,60,485251.0,65.69,1666772.0,634360.0,2788360.0,0,0,1
39,Graduate,4,Salaried,2.2,513054.0,42754.0,735.0,Good,100000.0,72,188210.0,37.07,0.0,162149.0,226425.0,1,3,1
48,High School,0,Contract,6.3,381577.0,31798.0,630.0,Fair,1185480.0,60,396743.0,95.0,1344665.0,551772.0,2550617.0,0,2,0
31,Postgraduate,2,Business,4.2,1250560.0,104213.0,602.0,Good,945456.0,36,61798.0,7.97,3207188.0,1014148.0,4726291.0,0,3,1
36,Graduate,1,Salaried,1.9,734979.0,61248.0,637.0,Good,944967.0,24,471613.0,71.88,2084493.0,1185194.0,3478982.0,0,3,1
37,High School,3,Self-Employed,16.5,459606.0,38300.0,633.0,Good,718729.0,36,368847.0,86.51,239859.0,769644.0,1619067.0,0,2,0
43,High School,3,Self-Employed,9.3,888142.0,74012.0,739.0,Good,641152.0,60,35536.0,5.73,4404392.0,438806.0,4936572.0,1,1,1
37,Postgraduate,0,Business,9.9,621622.0,51802.0,753.0,Good,733689.0,60,250717.0,43.17,420811.0,758336.0,1470265.0,0,0,1
54,Graduate,2,Salaried,11.4,584251.0,48688.0,668.0,Good,1108422.0,24,504917.0,95.0,1532783.0,973133.0,2500622.0,0,2,0
35,Postgraduate,2,Salaried,10.9,796191.0,66349.0,787.0,Good,1187603.0,36,23013.0,8.86,658875.0,0.0,1278189.0,1,2,1
40,High School,2,Salaried,4.9,314111.0,26176.0,783.0,Good,796036.0,48,64391.0,28.1,660398.0,1018724.0,1599645.0,1,2,1
38,Postgraduate,0,Salaried,8.4,741683.0,61807.0,698.0,Fair,1327022.0,48,284711.0,43.75,1302634.0,309395.0,1573941.0,0,0,1
29,Graduate,0,Salaried,5.7,1147368.0,95614.0,618.0,Good,864462.0,84,769333.0,68.34,2499765.0,312763.0,2935585.0,0,1,0
51,Graduate,2,Business,9.2,771206.0,64267.0,798.0,Fair,673098.0,36,152033.0,23.2,3219585.0,375775.0,4109825.0,1,0,1
31,Graduate,1,Contract,8.7,552185.0,46015.0,675.0,Fair,989287.0,24,408960.0,84.81,1375215.0,612029.0,2428213.0,1,2,0
34,High School,2,Salaried,5.1,518153.0,43179.0,689.0,Good,288276.0,48,357230.0,70.61,688842.0,111061.0,1074313.0,1,1,0
56,Postgraduate,0,Salaried,0.4,543312.0,45276.0,655.0,Good,1004723.0,36,170306.0,38.74,2326503.0,400315.0,3180603.0,1,3,0
63,Postgraduate,3,Salaried,7.7,583970.0,48664.0,613.0,Good,206018.0,36,335449.0,58.85,2358760.0,683847.0,3269524.0,0,0,1
51,Graduate,0,Self-Employed,6.0,551770.0,45981.0,570.0,Good,437523.0,48,201476.0,38.89,2064414.0,576500.0,2975400.0,0,3,0
62,Postgraduate,3,Self-Employed,0.0,888241.0,74020.0,727.0,Good,100000.0,48,221283.0,25.25,2103314.0,633285.0,3316944.0,1,3,1
59,High School,4,Salaried,9.5,199366.0,16614.0,621.0,Good,821197.0,24,0.0,24.71,1676177.0,386611.0,2263464.0,0,0,0
42,High School,1,Business,11.8,874120.0,72843.0,850.0,Poor,1624335.0,60,294624.0,38.17,1907966.0,742798.0,2747489.0,2,2,1
55,High School,0,Contract,19.6,551282.0,45940.0,599.0,Fair,847316.0,60,497801.0,93.99,1600184.0,869746.0,2814004.0,1,1,0
35,Graduate,0,Self-Employed,5.0,748006.0,62334.0,586.0,Good,1189613.0,24,312634.0,51.34,2977268.0,848754.0,4224077.0,0,2,0
41,High School,1,Self-Employed,4.3,356983.0,29749.0,718.0,Fair,1958541.0,72,539912.0,95.0,4251305.0,649664.0,5173059.0,0,0,0
45,Graduate,0,Self-Employed,1.5,995444.0,82954.0,795.0,Poor,1081825.0,36,427672.0,47.31,1997618.0,828612.0,3276906.0,1,1,1
64,High School,4,Salaried,8.0,973865.0,81155.0,685.0,Good,555655.0,84,286901.0,30.44,1792771.0,804871.0,2807390.0,0,1,1
59,Graduate,4,Salaried,8.0,899494.0,74958.0,723.0,Good,617594.0,84,161856.0,19.17,2081448.0,1436778.0,3793735.0,0,1,1
43,Postgraduate,4,Self-Employed,2.9,256164.0,21347.0,542.0,Fair,900296.0,48,193022.0,85.89,1076286.0,926323.0,2327524.0,0,0,0
50,Graduate,4,Salaried,6.1,865571.0,72131.0,629.0,Poor,615197.0,36,0.0,2.84,2641476.0,468940.0,3417888.0,1,2,1
30,High School,2,Business,0.0,755262.0,62938.0,599.0,Fair,648861.0,72,241243.0,33.66,2285294.0,180912.0,3038860.0,1,1,0
57,Postgraduate,1,Salaried,11.6,232629.0,19386.0,538.0,Good,1343364.0,48,332120.0,95.0,1337483.0,408601.0,2069995.0,1,1,0
45,High School,2,Salaried,3.1,643683.0,53640.0,689.0,Fair,1361770.0,36,677393.0,95.0,2792274.0,383875.0,3365369.0,0,1,0
44,Postgraduate,1,Salaried,6.8,744779.0,62065.0,512.0,Good,158898.0,60,416230.0,56.4,1820889.0,678998.0,2855483.0,0,1,0
55,Graduate,4,Contract,0.0,794580.0,66215.0,581.0,Good,531824.0,60,109732.0,15.42,732938.0,254910.0,1439618.0,1,1,0
49,Graduate,2,Salaried,4.1,696088.0,58007.0,640.0,Good,691198.0,72,0.0,1.99,2186765.0,917262.0,3508874.0,0,0,1
24,High School,1,Salaried,5.6,725720.0,60477.0,618.0,Fair,1169590.0,60,254559.0,38.94,2060692.0,13653.0,2468107.0,0,0,1
33,Postgraduate,3,Salaried,6.9,1033139.0,86095.0,710.0,Good,1414384.0,72,478588.0,49.06,2856460.0,0.0,2806850.0,1,0,1
28,Postgraduate,1,Self-Employed,9.4,968769.0,80731.0,703.0,Good,2115886.0,60,251464.0,31.2,2714702.0,452709.0,2918908.0,0,2,1
54,Graduate,1,Contract,14.2,150000.0,12500.0,747.0,Fair,690447.0,60,419237.0,95.0,1679851.0,205104.0,2390008.0,0,2,0
22,Postgraduate,1,Salaried,10.7,567466.0,47289.0,736.0,Good,712922.0,60,260152.0,48.86,1280704.0,59618.0,1678093.0,0,1,1
30,Postgraduate,0,Contract,11.8,607191.0,50599.0,766.0,Fair,1164857.0,84,457740.0,78.68,1801918.0,277026.0,2324629.0,0,2,1
47,High School,0,Salaried,14.2,194454.0,16204.0,680.0,Good,593002.0,84,0.0,5.23,2199640.0,233480.0,2821983.0,1,4,0
52,Graduate,2,Self-Employed,9.8,674488.0,56207.0,703.0,Good,836567.0,72,652920.0,95.0,2332130.0,503547.0,3471139.0,2,2,0
43,Graduate,4,Salaried,6.8,974677.0,81223.0,718.0,Good,713233.0,72,55254.0,7.13,2131553.0,282835.0,2947094.0,0,0,1
59,Graduate,1,Self-Employed,12.0,367492.0,30624.0,691.0,Poor,100000.0,60,474621.0,95.0,1700162.0,311303.0,2453909.0,1,0,0
62,High School,3,Self-Employed,12.4,737464.0,61455.0,650.0,Poor,955455.0,36,240120.0,37.74,2896499.0,498297.0,3467451.0,0,0,1
26,Postgraduate,1,Self-Employed,10.2,411886.0,34324.0,655.0,Good,817938.0,72,274518.0,70.62,1058268.0,854985.0,2011895.0,2,2,0
63,Graduate,1,Salaried,0.0,475303.0,39609.0,619.0,Fair,1472054.0,12,246958.0,89.12,4527344.0,1014761.0,5314824.0,0,1,1
48,Graduate,0,Business,2.8,1034122.0,86177.0,712.0,Fair,902471.0,36,356233.0,37.94,2639377.0,551719.0,3567799.0,0,2,1
49,Graduate,2,Contract,5.6,508935.0,42411.0,673.0,Good,335364.0,48,400655.0,80.7,559766.0,578940.0,1610431.0,1,2,1
25,Graduate,3,Salaried,10.9,770175.0,64181.0,630.0,Good,783856.0,60,532840.0,71.63,2003752.0,435885.0,2927673.0,1,2,0
48,Graduate,1,Self-Employed,6.9,163483.0,13624.0,630.0,Fair,100000.0,60,609749.0,95.0,2649952.0,668437.0,3703475.0,0,1,0
53,Postgraduate,2,Business,12.7,1134203.0,94517.0,589.0,Good,355087.0,36,373001.0,34.14,1415694.0,636577.0,2271458.0,0,2,1
47,Graduate,2,Salaried,13.6,806690.0,67224.0,753.0,Poor,1185978.0,24,677008.0,92.75,155342.0,964047.0,1256534.0,0,3,1
24,Graduate,1,Business,13.0,602550.0,50212.0,686.0,Good,788697.0,36,320454.0,58.42,657030.0,0.0,741957.0,1,1,1
44,Graduate,3,Salaried,13.0,799642.0,66637.0,615.0,Poor,1315129.0,48,537037.0,72.09,2396302.0,417926.0,3031543.0,1,2,0
63,Graduate,2,Business,1.8,283447.0,23621.0,741.0,Poor,100000.0,12,394318.0,95.0,0.0,618716.0,673151.0,2,3,0
53,Graduate,0,Salaried,9.4,957458.0,79788.0,638.0,Good,790892.0,60,179175.0,20.7,205721.0,490801.0,1297713.0,1,2,0
27,High School,2,Salaried,4.0,565764.0,47147.0,575.0,Good,686019.0,36,339872.0,64.92,2390518.0,171289.0,2551333.0,0,0,0
64,High School,1,Self-Employed,0.0,596942.0,49745.0,757.0,Good,1330132.0,48,410698.0,75.49,1555196.0,45222.0,1811007.0,2,2,0
64,Graduate,3,Self-Employed,5.6,522170.0,43514.0,640.0,Fair,1202743.0,48,292916.0,63.01,1034642.0,782213.0,1679611.0,1,1,0
28,Postgraduate,1,Business,13.6,499031.0,41586.0,649.0,Good,1189013.0,60,390828.0,84.04,1255795.0,235076.0,1800182.0,0,2,0
57,Graduate,4,Contract,9.3,830614.0,69218.0,683.0,Good,1593635.0,72,490380.0,62.88,182105.0,0.0,431628.0,0,2,0
39,High School,3,Salaried,17.1,716536.0,59711.0,766.0,Fair,734361.0,36,294858.0,45.25,2332899.0,799801.0,3311342.0,0,3,1
47,Graduate,0,Salaried,7.9,819455.0,68288.0,682.0,Good,1500786.0,48,0.0,5.49,912802.0,660644.0,1636889.0,0,0,1
41,Postgraduate,2,Salaried,19.2,647713.0,53976.0,590.0,Good,430107.0,60,669219.0,95.0,1210673.0,459444.0,1920609.0,0,2,0
56,Graduate,4,Salaried,7.9,783432.0,65286.0,721.0,Good,413605.0,24,234530.0,33.1,2181464.0,179907.0,2502479.0,0,1,0
65,High School,1,Self-Employed,7.1,541099.0,45092.0,644.0,Poor,1238736.0,72,118878.0,26.55,1517710.0,460295.0,2200631.0,0,2,0
56,Graduate,3,Business,0.6,1229730.0,102478.0,822.0,Good,222867.0,84,52696.0,4.6,1024881.0,925456.0,2591823.0,0,2,1
62,Graduate,3,Business,12.6,242338.0,20195.0,680.0,Poor,1157745.0,60,225982.0,95.0,0.0,0.0,284435.0,1,1,0
63,Graduate,3,Salaried,4.5,977844.0,81487.0,512.0,Good,945591.0,84,176195.0,19.68,2204168.0,0.0,2560741.0,1,0,0
25,Graduate,0,Salaried,3.8,1005656.0,83805.0,707.0,Poor,1382334.0,48,137858.0,17.83,1886892.0,280282.0,2324281.0,0,1,1
32,High School,1,Self-Employed,13.4,428439.0,35703.0,826.0,Good,873250.0,48,149932.0,41.11,1230874.0,490675.0,1814662.0,2,0,1
53,Graduate,1,Salaried,12.8,1229611.0,102468.0,798.0,Good,925222.0,24,416543.0,38.39,658861.0,326298.0,1230567.0,0,1,1
47,Graduate,1,Salaried,12.7,908827.0,75736.0,817.0,Fair,1129169.0,12,746680.0,95.0,1814039.0,724986.0,3289810.0,0,0,1
23,Graduate,4,Salaried,5.2,902496.0,75208.0,604.0,Fair,601808.0,36,480526.0,55.91,2328519.0,881092.0,3402125.0,0,3,1
25,High School,0,Salaried,6.7,657286.0,54774.0,748.0,Good,582207.0,48,546972.0,85.87,1907535.0,597569.0,2827392.0,0,1,1
44,Graduate,2,Salaried,6.7,593521.0,49460.0,626.0,Good,1113493.0,60,216970.0,41.06,3601872.0,696151.0,4382343.0,1,2,0
48,Postgraduate,4,Business,10.9,595554.0,49630.0,697.0,Good,886820.0,36,323026.0,60.2,2575252.0,595235.0,2869433.0,1,2,1
28,High School,4,Salaried,14.8,751538.0,62628.0,585.0,Good,716709.0,60,393826.0,54.69,1681989.0,503328.0,2277351.0,0,0,0
28,Graduate,3,Self-Employed,8.8,1014308.0,84526.0,632.0,Fair,862747.0,36,154897.0,18.67,2612107.0,47254.0,3385503.0,0,1,0
26,Graduate,4,Self-Employed,16.9,697142.0,58095.0,629.0,Poor,1617552.0,48,206339.0,36.56,1853529.0,140203.0,2362810.0,0,0,1
46,Graduate,2,Business,11.5,413025.0,34419.0,747.0,Good,700642.0,36,488001.0,95.0,1849712.0,27179.0,2455076.0,0,0,0
21,Postgraduate,3,Salaried,5.8,864351.0,72029.0,740.0,Good,687591.0,60,539864.0,64.37,3226000.0,448023.0,3854479.0,1,2,1
46,Postgraduate,2,Salaried,11.1,889499.0,74125.0,701.0,Good,131650.0,60,314830.0,35.75,812136.0,581297.0,1172067.0,0,1,1
42,Graduate,0,Salaried,15.5,820211.0,68351.0,579.0,Good,880941.0,60,37065.0,7.1,1825641.0,0.0,1853899.0,0,0,1
41,High School,0,Salaried,17.0,843830.0,70319.0,657.0,Good,1195598.0,24,234970.0,36.35,3108681.0,525408.0,3963494.0,0,3,0
51,Graduate,4,Salaried,12.9,579559.0,48297.0,624.0,Fair,1276289.0,48,0.0,6.61,2139890.0,193674.0,2631087.0,0,1,1
44,High School,0,Business,7.1,408463.0,34039.0,745.0,Good,948698.0,84,316545.0,81.48,1394042.0,125780.0,1767737.0,0,2,1
53,Graduate,1,Salaried,5.9,424270.0,35356.0,768.0,Good,1330125.0,24,356189.0,95.0,0.0,281128.0,425078.0,0,0,0
55,Postgraduate,3,Salaried,9.9,224780.0,18732.0,759.0,Fair,1229054.0,48,240444.0,95.0,0.0,107833.0,545776.0,0,2,0
62,Postgraduate,2,Salaried,15.4,711607.0,59301.0,623.0,Good,1400828.0,24,353176.0,61.44,4083799.0,712331.0,4945861.0,0,0,0
56,Graduate,2,Business,9.2,628303.0,52359.0,475.0,Good,1342936.0,36,391718.0,70.9,2139363.0,441198.0,2892124.0,1,1,0
44,Graduate,4,Business,9.3,535603.0,44634.0,547.0,Good,1606490.0,48,356510.0,75.56,1157520.0,785325.0,2231911.0,0,1,0
43,High School,3,Business,7.3,150000.0,12500.0,787.0,Good,823638.0,36,35663.0,45.74,2184403.0,344776.0,2705479.0,0,0,1
31,Graduate,4,Self-Employed,5.4,325697.0,27141.0,650.0,Good,302824.0,60,244282.0,77.23,757558.0,358010.0,1189309.0,0,1,0
47,High School,3,Business,6.2,941419.0,78452.0,624.0,Good,1198673.0,84,390165.0,43.63,1435679.0,1155684.0,2755897.0,0,1,0
27,Postgraduate,4,Self-Employed,7.7,477197.0,39766.0,803.0,Fair,1251249.0,36,647317.0,95.0,764966.0,0.0,1389690.0,0,1,1
62,Postgraduate,3,Salaried,15.6,743754.0,61980.0,775.0,Good,1606498.0,24,240176.0,45.25,245399.0,949568.0,1667457.0,2,1,0
59,High School,2,Self-Employed,5.8,288422.0,24035.0,682.0,Good,1476581.0,72,421185.0,95.0,0.0,1079083.0,1533161.0,0,1,1
26,Graduate,4,Business,7.3,1024063.0,85339.0,658.0,Fair,1775463.0,48,493193.0,53.36,42577.0,768036.0,903320.0,0,2,1
56,Graduate,4,Salaried,2.7,612553.0,51046.0,670.0,Good,1178934.0,72,256742.0,45.76,2923417.0,384335.0,3270214.0,0,0,1
26,Postgraduate,0,Self-Employed,10.6,725411.0,60451.0,697.0,Good,1002965.0,48,552650.0,80.33,714430.0,999416.0,2183145.0,0,0,0
53,Graduate,4,Self-Employed,13.8,1254703.0,104559.0,800.0,Good,276758.0,60,564478.0,45.52,2388381.0,387384.0,3206718.0,1,0,1
24,High School,3,Self-Employed,15.1,1044274.0,87023.0,712.0,Good,1038643.0,84,603685.0,59.51,2852312.0,252975.0,3382737.0,0,1,1
42,Graduate,4,Salaried,8.0,570293.0,47524.0,734.0,Good,651373.0,36,400855.0,74.86,1818238.0,364106.0,2358236.0,0,2,0
50,High School,3,Self-Employed,9.9,495763.0,41314.0,768.0,Poor,995180.0,72,819230.0,95.0,1471576.0,300432.0,1729219.0,0,0,1
53,Graduate,4,Business,6.2,565358.0,47113.0,592.0,Good,924531.0,60,164638.0,33.05,1946325.0,168682.0,2538487.0,0,0,0
39,High School,1,Salaried,9.6,782574.0,65214.0,737.0,Good,1112280.0,72,767297.0,95.0,1341718.0,888503.0,2717448.0,0,0,0
62,Graduate,0,Salaried,8.6,622642.0,51887.0,658.0,Good,856201.0,36,469026.0,80.83,3124300.0,229293.0,3467775.0,0,1,1
55,Postgraduate,0,Salaried,7.3,547237.0,45603.0,491.0,Good,1320759.0,48,594885.0,95.0,3864187.0,489624.0,4451291.0,0,0,0
30,High School,1,Salaried,7.7,1031467.0,85956.0,520.0,Fair,100000.0,36,229592.0,22.65,3394793.0,0.0,3893005.0,0,0,1
51,Graduate,1,Contract,9.3,620305.0,51692.0,604.0,Fair,985497.0,84,485784.0,81.04,0.0,510784.0,632411.0,1,1,0
53,Graduate,2,Self-Employed,5.5,1247893.0,103991.0,720.0,Poor,1441120.0,24,613934.0,56.13,1319271.0,95426.0,2020509.0,0,2,1
36,High School,0,Salaried,5.8,673593.0,56133.0,689.0,Good,1741522.0,24,60781.0,24.54,1804575.0,86830.0,2119595.0,1,1,1
54,Graduate,0,Salaried,15.5,1114183.0,92849.0,694.0,Good,1229383.0,72,264068.0,25.91,2309364.0,461749.0,2943801.0,0,1,1
61,Graduate,2,Contract,20.6,742903.0,61909.0,826.0,Fair,1658197.0,48,0.0,6.7,0.0,869940.0,1128962.0,0,1,1
57,Graduate,3,Salaried,1.0,900370.0,75031.0,585.0,Good,976021.0,60,260767.0,31.56,0.0,654145.0,826819.0,0,0,0
55,Postgraduate,0,Business,0.7,461601.0,38467.0,678.0,Good,901288.0,36,120478.0,33.91,3237469.0,678192.0,4390903.0,0,2,1
49,Graduate,2,Salaried,2.2,428023.0,35669.0,703.0,Good,1138237.0,60,252091.0,65.28,1184969.0,454529.0,2066660.0,1,3,0
33,Graduate,3,Salaried,6.5,769524.0,64127.0,625.0,Good,898563.0,36,943202.0,95.0,163853.0,382526.0,1014000.0,0,2,0
56,High School,3,Self-Employed,11.5,907024.0,75585.0,682.0,Fair,547939.0,48,677917.0,76.55,585995.0,776899.0,1649798.0,0,0,0
37,High School,0,Salaried,10.0,660467.0,55039.0,560.0,Fair,668142.0,60,0.0,2.43,2229522.0,302888.0,2691139.0,0,1,1
44,High School,3,Self-Employed,7.9,315538.0,26295.0,786.0,Good,399531.0,48,422262.0,95.0,895198.0,792052.0,1935437.0,0,0,1
35,Postgraduate,0,Salaried,9.6,296333.0,24694.0,629.0,Good,1137770.0,36,475765.0,95.0,2065788.0,932581.0,3163230.0,0,2,0
35,Postgraduate,1,Business,3.5,278945.0,23245.0,832.0,Fair,905126.0,36,225663.0,93.88,723400.0,205515.0,1472234.0,0,0,1
28,Postgraduate,1,Business,5.8,190418.0,15868.0,678.0,Good,737871.0,60,339228.0,95.0,0.0,256944.0,707399.0,1,3,0
64,High School,4,Business,6.9,678466.0,56539.0,757.0,Fair,644992.0,36,360716.0,56.97,3366818.0,309007.0,3907520.0,4,1,0
27,Graduate,0,Salaried,0.0,942511.0,78543.0,676.0,Good,1127275.0,36,3745.0,5.18,2238009.0,0.0,2302714.0,0,3,1
24,Postgraduate,3,Business,1.2,646512.0,53876.0,678.0,Poor,1251202.0,48,73108.0,17.11,1432874.0,335709.0,2326751.0,0,2,1
63,Graduate,4,Contract,1.4,150000.0,12500.0,636.0,Good,391269.0,48,337905.0,95.0,1226502.0,955507.0,2459346.0,0,1,0
45,High School,4,Salaried,10.8,600402.0,50034.0,689.0,Good,320542.0,60,321869.0,54.89,3411390.0,134049.0,3769406.0,0,3,1
40,Postgraduate,1,Salaried,8.2,607672.0,50639.0,704.0,Fair,1329529.0,48,144116.0,30.28,2450683.0,963819.0,3974433.0,0,1,1
54,High School,0,Business,10.1,1194960.0,99580.0,621.0,Fair,281190.0,72,125237.0,10.95,3061494.0,348294.0,3557798.0,1,0,1
38,High School,1,Salaried,0.0,271144.0,22595.0,671.0,Poor,1146369.0,60,280249.0,95.0,1157938.0,1239912.0,2584065.0,0,1,0
26,Postgraduate,3,Self-Employed,0.0,548424.0,45702.0,634.0,Good,1627609.0,72,494953.0,95.0,1855733.0,261365.0,2320946.0,0,1,0
53,Graduate,0,Business,10.3,1093522.0,91127.0,850.0,Fair,1628656.0,60,283173.0,29.47,2242419.0,449606.0,2678711.0,0,3,1
28,Graduate,3,Salaried,0.0,766994.0,63916.0,673.0,Good,1232043.0,36,657001.0,92.08,1194924.0,181436.0,1689507.0,0,1,1
45,Graduate,1,Self-Employed,13.1,796461.0,66372.0,796.0,Good,1218964.0,84,146919.0,21.07,1694915.0,259305.0,2051751.0,0,1,1
63,Postgraduate,3,Self-Employed,0.0,679792.0,56649.0,665.0,Good,1913358.0,72,342484.0,56.01,1158029.0,968363.0,2262248.0,0,4,0
63,High School,3,Salaried,11.2,735785.0,61315.0,699.0,Good,100000.0,60,222055.0,30.51,2238965.0,666088.0,3014166.0,0,0,1
37,Postgraduate,2,Business,2.6,852178.0,71015.0,581.0,Poor,691049.0,36,429351.0,53.63,346466.0,860086.0,1339138.0,0,1,0
56,Graduate,3,Salaried,12.2,439534.0,36628.0,646.0,Fair,1281821.0,36,128051.0,40.8,2429167.0,39544.0,2550928.0,0,3,1
48,High School,4,Salaried,23.0,878295.0,73191.0,696.0,Good,748221.0,60,724028.0,84.48,2141785.0,729190.0,3170418.0,0,0,1
42,Graduate,1,Business,0.0,293019.0,24418.0,799.0,Good,1457900.0,48,0.0,14.93,1576361.0,159995.0,1955237.0,0,0,1
27,Graduate,2,Salaried,10.5,735376.0,61281.0,697.0,Good,882291.0,60,677406.0,95.0,2294469.0,31939.0,2586010.0,1,1,1
37,High School,3,Business,0.0,696473.0,58039.0,784.0,Good,959285.0,48,319797.0,50.05,1398565.0,583568.0,2702891.0,1,3,1
50,Graduate,4,Salaried,9.1,489764.0,40814.0,728.0,Good,776396.0,60,421533.0,89.87,1062856.0,579988.0,1861732.0,0,4,1
65,Graduate,2,Self-Employed,6.0,644102.0,53675.0,802.0,Poor,664870.0,36,593595.0,95.0,2398099.0,518671.0,3287760.0,2,0,1
21,Graduate,1,Salaried,7.6,488140.0,40678.0,676.0,Good,653801.0,36,488686.0,95.0,2445715.0,751145.0,3590610.0,1,1,1
53,Graduate,4,Self-Employed,2.4,371358.0,30946.0,850.0,Good,1022025.0,24,139394.0,54.05,1242003.0,805748.0,2285180.0,1,1,1
59,Postgraduate,4,Business,10.9,558060.0,46505.0,644.0,Fair,551446.0,72,432020.0,79.39,1147642.0,1014405.0,2466807.0,2,1,0
63,Graduate,2,Business,0.0,362963.0,30247.0,623.0,Good,1328942.0,60,710844.0,95.0,1598729.0,83380.0,1936249.0,1,0,0
40,Graduate,0,Contract,13.2,733927.0,61161.0,589.0,Good,1193952.0,84,104796.0,17.07,1192794.0,1025706.0,2509012.0,0,4,0
26,Graduate,1,Self-Employed,5.0,350978.0,29248.0,850.0,Good,1394737.0,60,766054.0,95.0,3477631.0,1158809.0,4769137.0,0,2,1
33,Graduate,2,Business,0.0,835114.0,69593.0,741.0,Good,391984.0,72,384855.0,47.02,2148123.0,371819.0,2671100.0,1,2,1
59,High School,3,Self-Employed,15.0,342815.0,28568.0,655.0,Good,135236.0,60,204690.0,60.66,1816060.0,0.0,2069444.0,0,1,1
60,Graduate,3,Contract,6.7,502763.0,41897.0,774.0,Fair,898116.0,72,103476.0,24.15,774003.0,15775.0,645397.0,1,2,1
49,High School,4,Self-Employed,16.5,487603.0,40634.0,732.0,Good,2204460.0,84,250877.0,59.2,2612888.0,338352.0,3500455.0,1,2,1
26,Graduate,0,Business,13.1,994538.0,82878.0,827.0,Fair,1469794.0,60,0.0,3.55,1127235.0,1204950.0,3014357.0,0,3,1
26,Postgraduate,2,Salaried,3.0,735875.0,61323.0,564.0,Poor,650499.0,24,208646.0,33.66,1081978.0,505978.0,1872026.0,0,0,0
42,Graduate,3,Self-Employed,6.6,594949.0,49579.0,660.0,Fair,1091030.0,60,242156.0,45.1,2649876.0,283986.0,3316956.0,1,1,0
47,Graduate,4,Business,7.6,779667.0,64972.0,645.0,Poor,1227414.0,36,63629.0,14.46,2226055.0,260109.0,2952376.0,1,0,1
22,Graduate,0,Salaried,14.6,150000.0,12500.0,532.0,Poor,284225.0,24,464526.0,95.0,0.0,37047.0,22113.0,0,3,0
51,Graduate,4,Salaried,9.2,638785.0,53232.0,760.0,Fair,1516332.0,60,251871.0,45.13,1626452.0,806102.0,2868210.0,0,3,1
45,Graduate,0,Contract,7.9,1169354.0,97446.0,660.0,Good,824659.0,72,160125.0,15.1,1938072.0,467776.0,2570560.0,1,1,1
21,Graduate,0,Salaried,6.0,684410.0,57034.0,735.0,Good,859194.0,36,228427.0,38.4,1426444.0,1234940.0,3369529.0,2,0,1
25,Graduate,4,Salaried,6.7,667657.0,55638.0,850.0,Fair,910703.0,24,378124.0,64.82,1976400.0,719873.0,2908621.0,0,0,1
41,High School,3,Salaried,13.5,792513.0,66043.0,654.0,Fair,1415043.0,72,316109.0,43.46,0.0,790478.0,1222114.0,0,3,0
53,Graduate,4,Salaried,7.0,882857.0,73571.0,648.0,Fair,560168.0,36,145785.0,19.05,0.0,415263.0,629580.0,1,1,0
58,Graduate,3,Self-Employed,5.0,150000.0,12500.0,689.0,Good,131863.0,12,327644.0,95.0,726985.0,118139.0,1534463.0,2,0,0
40,Postgraduate,3,Contract,4.2,212595.0,17716.0,754.0,Fair,1045330.0,60,288851.0,95.0,2110472.0,194247.0,2452249.0,0,0,1
34,Postgraduate,2,Contract,4.2,704676.0,58723.0,637.0,Fair,100000.0,72,49318.0,7.28,0.0,20764.0,503782.0,2,1,1
64,Postgraduate,2,Self-Employed,0.0,464132.0,38678.0,633.0,Fair,764503.0,60,236529.0,54.91,872099.0,818638.0,2066073.0,0,1,0
41,Graduate,2,Self-Employed,3.2,991127.0,82594.0,759.0,Good,1434093.0,60,427454.0,46.6,0.0,365280.0,696142.0,0,3,1
35,High School,1,Salaried,14.5,568055.0,47338.0,708.0,Good,1160592.0,48,425870.0,81.1,1533113.0,833375.0,2662289.0,0,1,0
40,Graduate,4,Business,6.0,150000.0,12500.0,527.0,Good,1369060.0,36,249408.0,95.0,3953689.0,547570.0,4617856.0,1,1,0
21,Postgraduate,1,Salaried,10.5,320316.0,26693.0,588.0,Good,1179158.0,60,448890.0,95.0,1561106.0,397514.0,1691409.0,1,3,0
34,Postgraduate,3,Salaried,0.0,150000.0,12500.0,793.0,Good,1984651.0,72,84410.0,82.74,1681747.0,90639.0,2237264.0,1,0,0
44,Postgraduate,3,Contract,9.8,589127.0,49094.0,710.0,Good,635292.0,48,91223.0,18.72,2723154.0,605571.0,3480957.0,1,1,0
62,High School,2,Business,6.2,601020.0,50085.0,623.0,Poor,1079159.0,36,244724.0,47.9,1823437.0,423478.0,2730835.0,1,0,0
54,Graduate,3,Salaried,4.6,539640.0,44970.0,667.0,Good,702846.0,36,629465.0,95.0,1563509.0,815764.0,2699613.0,0,0,0
56,Postgraduate,0,Self-Employed,7.9,930509.0,77542.0,681.0,Fair,1330561.0,24,335915.0,44.68,2819311.0,249606.0,3558968.0,0,0,1
45,Graduate,1,Salaried,4.5,961615.0,80135.0,735.0,Good,872291.0,36,239420.0,28.53,2319076.0,715638.0,3445093.0,0,0,1
25,Graduate,2,Salaried,0.0,605699.0,50475.0,578.0,Fair,1673480.0,12,639710.0,95.0,2117488.0,1074297.0,2948846.0,0,1,0
38,Graduate,1,Salaried,11.6,150000.0,12500.0,617.0,Good,661133.0,72,236874.0,95.0,1647342.0,595395.0,2615716.0,0,1,0
65,Graduate,4,Salaried,8.2,810493.0,67541.0,700.0,Good,1533207.0,36,791641.0,95.0,1419329.0,774852.0,2375446.0,0,1,1
22,Graduate,4,Self-Employed,5.4,794394.0,66200.0,673.0,Good,1166913.0,60,187518.0,27.13,2808888.0,700162.0,3992052.0,0,1,1
60,High School,3,Salaried,2.2,730442.0,60870.0,723.0,Good,885393.0,60,77420.0,13.51,1429891.0,1164332.0,2962464.0,0,4,1
51,Postgraduate,1,Self-Employed,0.0,905185.0,75432.0,588.0,Good,1144099.0,72,263400.0,31.63,3154378.0,630046.0,4155018.0,0,1,0
33,Postgraduate,0,Salaried,8.1,347145.0,28929.0,707.0,Fair,1017569.0,84,245201.0,75.66,648139.0,744986.0,1588676.0,0,0,0
56,Postgraduate,3,Contract,15.1,1172276.0,97690.0,762.0,Fair,1060180.0,48,122302.0,13.15,3377162.0,487303.0,3931944.0,0,0,1
58,Graduate,4,Self-Employed,8.0,400549.0,33379.0,717.0,Good,806908.0,24,872434.0,95.0,2319244.0,228964.0,2711631.0,1,1,1
22,High School,2,Business,0.1,844798.0,70400.0,690.0,Poor,584285.0,60,370098.0,45.47,734612.0,77139.0,701773.0,0,0,1
25,Graduate,4,Salaried,8.1,211290.0,17608.0,673.0,Good,749218.0,12,402135.0,95.0,2359876.0,943423.0,3435230.0,2,3,0
50,Postgraduate,4,Self-Employed,6.7,408131.0,34011.0,617.0,Good,142585.0,36,198387.0,50.01,1084667.0,147074.0,1188909.0,0,0,1
65,Graduate,2,Business,11.3,1044256.0,87021.0,675.0,Good,1278877.0,24,172913.0,23.91,1836771.0,761053.0,2560276.0,1,1,1
22,Postgraduate,1,Salaried,10.0,582166.0,48514.0,774.0,Good,344176.0,72,525623.0,91.47,1264710.0,645606.0,2183612.0,0,0,1
50,Graduate,0,Salaried,0.0,868380.0,72365.0,671.0,Good,802059.0,12,0.0,11.08,1653797.0,821225.0,2831832.0,0,1,1
27,Graduate,3,Salaried,9.7,711608.0,59301.0,613.0,Fair,1191620.0,60,48570.0,10.84,2835574.0,319851.0,3399066.0,1,2,0
50,Postgraduate,2,Salaried,2.0,622711.0,51893.0,643.0,Good,1277729.0,48,245592.0,45.59,2370363.0,223245.0,2743850.0,0,0,1
49,High School,0,Salaried,0.0,1004601.0,83717.0,695.0,Poor,101407.0,60,597230.0,59.69,562098.0,632430.0,1255046.0,0,0,0
25,Postgraduate,0,Salaried,6.1,588469.0,49039.0,652.0,Good,858668.0,36,217606.0,42.81,625094.0,397680.0,1209335.0,0,0,1
51,Graduate,4,Salaried,9.1,187008.0,15584.0,716.0,Good,1106885.0,72,391553.0,95.0,2097853.0,69140.0,2252548.0,0,2,0
61,High School,1,Self-Employed,0.0,441158.0,36763.0,719.0,Good,923407.0,60,306100.0,74.41,2177506.0,1178484.0,3593424.0,0,0,0
59,High School,1,Salaried,10.5,793310.0,66109.0,747.0,Good,1504834.0,48,585177.0,79.45,1058111.0,223007.0,1226812.0,0,3,0
22,Postgraduate,3,Salaried,10.8,752832.0,62736.0,787.0,Good,530187.0,48,0.0,2.11,3550447.0,152229.0,4092940.0,0,1,1
32,Graduate,1,Self-Employed,7.2,242565.0,20214.0,755.0,Fair,100000.0,72,461912.0,95.0,2694844.0,415252.0,3246690.0,0,2,1
31,Postgraduate,4,Salaried,2.7,461671.0,38473.0,610.0,Fair,1264647.0,60,256242.0,62.08,1111866.0,938500.0,2375617.0,2,0,0
41,Postgraduate,3,Salaried,2.1,498752.0,41563.0,612.0,Good,658311.0,48,503475.0,95.0,1005519.0,0.0,1432963.0,2,1,0
27,Graduate,1,Salaried,12.1,554978.0,46248.0,674.0,Good,108657.0,48,119758.0,22.17,1549405.0,909459.0,2774438.0,0,1,0
59,Postgraduate,1,Salaried,0.0,292262.0,24355.0,646.0,Good,828669.0,12,305366.0,95.0,1434960.0,180984.0,2025769.0,1,1,0
55,Postgraduate,4,Salaried,12.3,486624.0,40552.0,595.0,Good,1453751.0,24,277449.0,74.94,3181773.0,592584.0,3611029.0,0,2,0
57,High School,2,Salaried,6.2,460561.0,38380.0,647.0,Fair,331536.0,24,79464.0,21.57,2882975.0,263398.0,3297802.0,1,0,1
29,Postgraduate,4,Salaried,6.5,850599.0,70883.0,644.0,Good,1951198.0,12,18309.0,29.68,1838576.0,1197171.0,3506362.0,1,1,1
21,Graduate,1,Contract,0.0,860372.0,71698.0,630.0,Fair,522953.0,36,172310.0,22.46,2545696.0,543617.0,3441159.0,0,1,0
61,Graduate,0,Contract,6.3,612089.0,51007.0,656.0,Poor,939155.0,72,328585.0,56.75,2705273.0,252168.0,3577134.0,1,0,0
34,Graduate,4,Salaried,10.1,548070.0,45672.0,768.0,Good,351390.0,72,133479.0,25.64,1864087.0,394618.0,2849581.0,0,0,1
50,Postgraduate,1,Salaried,0.3,686380.0,57198.0,695.0,Poor,918725.0,72,227384.0,35.81,2242881.0,531373.0,3084172.0,0,0,1
61,High School,4,Salaried,9.5,437690.0,36474.0,850.0,Fair,839813.0,60,0.0,4.6,2453606.0,562187.0,3215397.0,0,0,1
22,Graduate,3,Business,7.4,351824.0,29319.0,693.0,Good,229728.0,60,218457.0,63.66,2336366.0,653567.0,3048245.0,0,1,0
21,Graduate,1,Business,3.8,405542.0,33795.0,658.0,Fair,2171622.0,36,525189.0,95.0,943316.0,499508.0,1597662.0,0,2,0
21,High School,3,Salaried,11.3,484949.0,40412.0,680.0,Good,677098.0,60,455140.0,95.0,1054519.0,17993.0,1240863.0,0,3,0
28,Postgraduate,0,Salaried,0.0,347497.0,28958.0,699.0,Fair,677492.0,36,280877.0,88.63,1482546.0,380906.0,1994802.0,0,1,1
23,Postgraduate,1,Salaried,8.7,692135.0,57678.0,713.0,Fair,1336066.0,60,353604.0,55.72,1022669.0,712330.0,1801331.0,0,1,1
57,High School,1,Business,15.1,839726.0,69977.0,836.0,Fair,1716415.0,84,117783.0,17.53,179589.0,265541.0,775445.0,0,1,1
48,High School,3,Business,14.2,237354.0,19780.0,617.0,Fair,1406897.0,72,657377.0,95.0,2543547.0,735473.0,3868348.0,0,0,0
65,Postgraduate,2,Salaried,8.9,656533.0,54711.0,744.0,Fair,359469.0,36,754908.0,95.0,2181049.0,511101.0,3128801.0,0,0,1
57,High School,3,Self-Employed,5.5,592817.0,49401.0,696.0,Good,996259.0,60,336261.0,60.76,326697.0,423791.0,936004.0,0,1,1
64,High School,2,Salaried,3.8,738792.0,61566.0,562.0,Poor,100000.0,24,869951.0,95.0,1534992.0,917950.0,2905748.0,3,0,0
31,Postgraduate,3,Self-Employed,5.5,646636.0,53886.0,738.0,Fair,1305767.0,12,150360.0,47.48,1597286.0,0.0,1916616.0,1,2,1
33,Postgraduate,0,Contract,9.7,272064.0,22672.0,775.0,Fair,164165.0,12,24763.0,16.34,2000139.0,263638.0,2505636.0,0,3,0
59,Graduate,3,Salaried,3.0,321779.0,26815.0,616.0,Fair,538559.0,36,143883.0,51.41,609885.0,931350.0,1770610.0,1,3,0
32,Graduate,0,Salaried,10.8,657650.0,54804.0,679.0,Good,898559.0,60,251712.0,41.55,310606.0,1140517.0,1661135.0,1,0,1
23,Postgraduate,0,Self-Employed,17.7,917483.0,76457.0,551.0,Good,1100253.0,48,808655.0,91.74,2371697.0,1300097.0,4052007.0,0,0,0
51,Graduate,3,Salaried,6.7,150000.0,12500.0,586.0,Fair,782579.0,12,238145.0,95.0,112642.0,517624.0,908200.0,0,3,0
57,Graduate,0,Business,0.3,739889.0,61657.0,759.0,Poor,1583588.0,84,110876.0,18.65,1544070.0,660264.0,2308649.0,1,3,1
64,Postgraduate,3,Salaried,0.3,959302.0,79942.0,645.0,Fair,1225458.0,60,102339.0,13.73,1441315.0,786100.0,2322045.0,0,1,1
62,Graduate,0,Business,10.9,610213.0,50851.0,597.0,Good,1190126.0,48,550805.0,95.0,1664387.0,946276.0,2921844.0,0,0,0
26,Graduate,0,Salaried,6.7,793053.0,66088.0,697.0,Good,346770.0,60,519406.0,66.54,2077989.0,609582.0,3023301.0,1,0,0
55,Graduate,4,Salaried,11.4,467202.0,38934.0,641.0,Good,1664716.0,60,193195.0,49.9,3558428.0,824152.0,4569953.0,1,0,1
59,Graduate,0,Salaried,4.3,618965.0,51580.0,645.0,Good,538621.0,48,0.0,2.61,40559.0,660921.0,725079.0,0,0,1
52,Graduate,4,Salaried,11.2,228562.0,19047.0,735.0,Fair,1681894.0,60,51709.0,40.28,2764240.0,682778.0,3947211.0,0,0,1
57,Graduate,1,Salaried,6.2,150000.0,12500.0,593.0,Good,1809988.0,72,678674.0,95.0,0.0,178571.0,636292.0,1,2,0
58,Graduate,3,Self-Employed,3.3,895119.0,74593.0,612.0,Good,1130695.0,48,451538.0,54.23,3333082.0,384775.0,3570382.0,0,0,0
41,Postgraduate,4,Salaried,5.0,393901.0,32825.0,692.0,Good,1364406.0,60,314402.0,88.13,0.0,317031.0,834948.0,0,4,1
22,Graduate,0,Salaried,1.0,531563.0,44297.0,753.0,Poor,100000.0,12,711143.0,95.0,4480034.0,83887.0,4772126.0,1,1,1
41,High School,1,Salaried,16.9,289525.0,24127.0,773.0,Good,812249.0,72,730832.0,95.0,1371255.0,0.0,1659252.0,0,1,0
30,Graduate,2,Salaried,6.5,283408.0,23617.0,630.0,Good,1395975.0,48,292093.0,95.0,3219421.0,351730.0,4048796.0,0,0,0
26,High School,4,Business,10.2,604802.0,50400.0,750.0,Good,1316030.0,36,296134.0,57.67,2992572.0,407641.0,3980721.0,0,1,1
26,Postgraduate,0,Contract,4.3,460310.0,38359.0,621.0,Good,351124.0,84,171950.0,38.66,1319862.0,536763.0,2307198.0,1,1,0
52,Graduate,0,Salaried,1.7,748272.0,62356.0,817.0,Good,767825.0,60,237387.0,34.19,1404276.0,694508.0,2396990.0,2,1,0
43,Graduate,1,Business,5.8,767660.0,63972.0,595.0,Fair,100000.0,36,0.0,1.0,879125.0,565843.0,1419840.0,1,3,1
45,Postgraduate,1,Business,12.5,733421.0,61118.0,780.0,Good,1085847.0,36,0.0,5.92,2666107.0,410081.0,2920942.0,0,1,1
54,High School,1,Contract,4.4,712036.0,59336.0,631.0,Good,100000.0,48,0.0,1.0,1334185.0,179706.0,1939523.0,0,0,0
45,High School,0,Salaried,2.6,1060220.0,88352.0,831.0,Good,1408715.0,84,538554.0,53.07,899118.0,806974.0,2224498.0,1,0,1
49,Postgraduate,4,Salaried,7.8,372426.0,31036.0,724.0,Good,1432226.0,48,0.0,11.54,2391004.0,464362.0,2942437.0,1,2,1
24,Graduate,3,Salaried,9.5,635717.0,52976.0,604.0,Good,686535.0,36,728992.0,95.0,813106.0,348174.0,1357324.0,0,0,0
59,Postgraduate,0,Business,15.2,944499.0,78708.0,641.0,Fair,1134574.0,60,139317.0,17.63,1438119.0,434741.0,2011407.0,1,5,0
41,Postgraduate,2,Business,8.8,978780.0,81565.0,739.0,Good,802306.0,48,682217.0,72.16,1917816.0,243539.0,2294575.0,0,2,1
27,Postgraduate,3,Salaried,10.2,280341.0,23362.0,759.0,Good,1008859.0,24,219688.0,95.0,1093328.0,314264.0,1872584.0,1,2,1
57,High School,3,Salaried,10.6,568788.0,47399.0,675.0,Fair,383733.0,72,0.0,1.35,1259296.0,303140.0,1856111.0,2,2,0
54,Postgraduate,4,Business,1.2,1003111.0,83593.0,683.0,Poor,1180122.0,12,582431.0,72.18,3488482.0,399432.0,4092078.0,0,1,0
23,Graduate,3,Business,2.2,782101.0,65175.0,737.0,Good,161467.0,72,608410.0,78.2,1575341.0,729514.0,3086359.0,2,5,0
29,High School,3,Salaried,1.6,700768.0,58397.0,690.0,Good,100000.0,72,100669.0,14.65,1404410.0,642489.0,2010015.0,0,1,1
21,Postgraduate,0,Self-Employed,0.3,593402.0,49450.0,583.0,Poor,845132.0,24,227037.0,46.81,1607362.0,1041358.0,3008302.0,0,1,0
33,Graduate,0,Salaried,11.0,550212.0,45851.0,619.0,Good,804941.0,60,100725.0,21.82,2299900.0,924105.0,3264209.0,0,1,1
25,Postgraduate,3,Salaried,8.5,724937.0,60411.0,698.0,Poor,1022536.0,72,273484.0,40.55,662750.0,1184748.0,2066011.0,0,1,1
52,Graduate,4,Self-Employed,7.4,584383.0,48699.0,771.0,Fair,607722.0,60,323722.0,57.89,2269937.0,695705.0,3245370.0,0,0,0
44,Graduate,1,Business,0.0,638930.0,53244.0,801.0,Good,1748561.0,60,222696.0,41.42,2081402.0,690087.0,3190408.0,0,1,1
65,High School,3,Contract,17.3,670436.0,55870.0,738.0,Good,972272.0,24,0.0,8.7,0.0,329404.0,527168.0,0,1,1
54,Postgraduate,1,Salaried,2.5,473701.0,39475.0,702.0,Poor,1004797.0,24,172207.0,49.08,3773681.0,789105.0,4739396.0,1,1,1
48,Graduate,2,Salaried,17.3,788354.0,65696.0,736.0,Good,988755.0,60,454774.0,60.7,3406895.0,270359.0,3871437.0,0,5,1
43,High School,3,Salaried,0.0,1407704.0,117309.0,630.0,Good,1351309.0,24,254042.0,23.81,919381.0,0.0,953390.0,0,1,1
23,High School,3,Salaried,2.9,187983.0,15665.0,669.0,Good,1159208.0,36,227963.0,95.0,565331.0,1034213.0,1976006.0,0,2,0
24,Postgraduate,0,Salaried,0.0,734243.0,61187.0,618.0,Good,1098908.0,60,95229.0,16.56,2050857.0,62786.0,2419910.0,1,1,0
48,High School,4,Salaried,8.8,452351.0,37696.0,586.0,Fair,1231193.0,36,165789.0,47.54,231550.0,653598.0,1222182.0,0,2,0
21,Graduate,4,Salaried,1.5,800125.0,66677.0,705.0,Fair,100000.0,72,609969.0,76.48,3300711.0,191884.0,3728686.0,1,1,0
22,Graduate,2,Salaried,1.6,662105.0,55175.0,694.0,Good,100000.0,72,49249.0,7.74,1284701.0,894334.0,2390459.0,0,2,1
30,Graduate,1,Salaried,0.1,848082.0,70674.0,732.0,Good,865774.0,72,458581.0,56.11,3583988.0,942032.0,5011140.0,1,1,1
60,Graduate,2,Business,10.9,955632.0,79636.0,721.0,Fair,811047.0,24,310352.0,37.57,893156.0,685212.0,2032725.0,0,2,1
41,High School,4,Salaried,10.6,700029.0,58336.0,698.0,Good,1160914.0,48,353858.0,55.52,1676578.0,936228.0,3145766.0,1,0,1
52,Postgraduate,2,Self-Employed,16.1,944334.0,78694.0,722.0,Fair,909008.0,72,138882.0,16.63,3193934.0,502568.0,4021021.0,0,1,1
39,Postgraduate,0,Contract,3.6,150000.0,12500.0,677.0,Good,1161839.0,48,222609.0,95.0,1444437.0,1281961.0,3246931.0,0,0,0
28,Graduate,0,Self-Employed,8.1,1063518.0,88626.0,711.0,Good,339482.0,60,298742.0,28.86,2099301.0,761158.0,3027242.0,1,1,1
37,Graduate,4,Salaried,0.6,747516.0,62293.0,626.0,Poor,895165.0,60,185453.0,27.68,3001925.0,184807.0,3396562.0,1,2,1
25,Graduate,3,Salaried,5.3,930239.0,77520.0,708.0,Good,296524.0,48,372915.0,41.04,1188348.0,524362.0,2201730.0,1,1,1
55,Postgraduate,3,Self-Employed,4.4,332832.0,27736.0,730.0,Good,1074086.0,36,400637.0,95.0,412087.0,446624.0,1277395.0,0,3,1
29,Graduate,0,Self-Employed,9.3,434000.0,36167.0,630.0,Good,100000.0,60,777995.0,95.0,195418.0,412352.0,799680.0,0,2,0
37,Graduate,0,Salaried,12.1,687944.0,57329.0,684.0,Good,1056740.0,36,361202.0,58.65,2441776.0,0.0,2482524.0,0,1,1
65,Postgraduate,1,Salaried,12.0,645570.0,53798.0,633.0,Good,238950.0,72,0.0,1.0,2227656.0,635403.0,3072266.0,0,2,1
47,High School,1,Self-Employed,2.8,723598.0,60300.0,641.0,Good,727412.0,60,555864.0,79.23,2967829.0,14986.0,3095841.0,1,1,0
41,Graduate,1,Salaried,12.0,931974.0,77664.0,596.0,Fair,1302717.0,24,255148.0,35.76,1498551.0,0.0,2093452.0,0,3,0
45,High School,2,Self-Employed,6.8,191043.0,15920.0,775.0,Good,1002321.0,60,742624.0,95.0,226189.0,379595.0,1007792.0,0,1,1
56,Graduate,1,Salaried,5.4,903193.0,75266.0,760.0,Good,159453.0,48,623603.0,69.57,0.0,235437.0,332252.0,1,2,1
32,Graduate,0,Salaried,3.5,652153.0,54346.0,720.0,Fair,597423.0,36,188841.0,32.62,4954759.0,198462.0,5194223.0,0,3,1
49,Postgraduate,2,Business,4.2,597017.0,49751.0,828.0,Fair,224380.0,84,458819.0,77.5,2379615.0,0.0,2473952.0,0,1,1
60,Graduate,3,Salaried,15.7,267510.0,22292.0,666.0,Good,137359.0,60,169330.0,64.53,1950471.0,202205.0,2290911.0,0,3,0
46,High School,3,Self-Employed,8.5,780793.0,65066.0,850.0,Poor,952948.0,60,300592.0,41.43,2106504.0,439225.0,2762389.0,1,2,1
41,Postgraduate,1,Salaried,7.9,150000.0,12500.0,663.0,Good,1152134.0,72,448717.0,95.0,225527.0,278046.0,976482.0,0,0,1
27,Postgraduate,1,Salaried,5.7,818582.0,68215.0,699.0,Good,1098273.0,60,544860.0,69.78,925641.0,635570.0,1617908.0,0,0,1
32,Graduate,2,Contract,19.2,262052.0,21838.0,650.0,Good,1171182.0,48,496945.0,95.0,3717663.0,987431.0,5413001.0,0,1,1
63,Graduate,0,Salaried,13.5,663899.0,55325.0,708.0,Good,894640.0,36,316498.0,53.06,2524182.0,680729.0,3266251.0,0,0,1
45,Graduate,4,Salaried,3.4,619016.0,51585.0,743.0,Good,776974.0,36,846353.0,95.0,960043.0,859238.0,1787471.0,0,3,1
34,Graduate,4,Contract,5.6,954080.0,79507.0,671.0,Good,417119.0,48,219696.0,24.34,450503.0,888194.0,1926358.0,2,3,1
39,High School,0,Business,5.9,603550.0,50296.0,813.0,Good,701964.0,48,0.0,3.49,1232736.0,143399.0,1890386.0,0,3,1
47,High School,4,Self-Employed,7.7,469524.0,39127.0,698.0,Poor,305393.0,60,0.0,1.56,1453026.0,653690.0,2320246.0,1,0,0
45,Postgraduate,0,Salaried,3.5,518283.0,43190.0,700.0,Fair,519676.0,48,624282.0,95.0,4054061.0,848305.0,5228632.0,0,1,0
52,Graduate,2,Salaried,9.2,980950.0,81746.0,612.0,Fair,940017.0,60,283136.0,31.16,1592906.0,347414.0,2271634.0,0,0,1
32,High School,3,Self-Employed,14.3,789437.0,65786.0,711.0,Fair,846987.0,72,334993.0,44.58,491493.0,223281.0,992116.0,0,1,1
50,High School,1,Salaried,0.4,549736.0,45811.0,670.0,Fair,2279128.0,84,180645.0,39.97,1735537.0,685642.0,2411883.0,1,3,1
40,Postgraduate,1,Salaried,1.4,588524.0,49044.0,634.0,Good,294392.0,48,200405.0,35.55,2090772.0,0.0,1844379.0,3,0,1
63,High School,0,Business,4.6,242534.0,20211.0,622.0,Good,843706.0,72,126839.0,59.25,391399.0,119198.0,591652.0,1,0,0
28,Graduate,3,Salaried,4.8,751003.0,62584.0,850.0,Good,259321.0,72,403653.0,54.44,2242382.0,266635.0,3122248.0,1,1,1
27,High School,0,Salaried,17.0,192448.0,16037.0,660.0,Good,725496.0,24,278576.0,95.0,3129808.0,657680.0,4408571.0,1,1,0
41,High School,2,Salaried,12.0,845467.0,70456.0,571.0,Good,743808.0,48,395701.0,49.44,1952538.0,576619.0,2726790.0,0,1,0
43,Graduate,1,Salaried,11.7,683442.0,56954.0,628.0,Good,1280196.0,36,374676.0,62.31,923228.0,861330.0,1842965.0,0,1,0
52,Postgraduate,4,Self-Employed,5.7,1270607.0,105884.0,676.0,Good,697650.0,60,206307.0,17.55,1218243.0,177345.0,1701212.0,0,1,1
39,Graduate,4,Business,5.6,363965.0,30330.0,721.0,Good,813906.0,60,0.0,5.37,0.0,158584.0,496380.0,0,0,1
62,Graduate,4,Salaried,0.0,623308.0,51942.0,722.0,Fair,706357.0,60,0.0,2.72,1652781.0,683369.0,2706294.0,0,0,1
42,Graduate,3,Salaried,10.9,1117555.0,93130.0,731.0,Good,269527.0,72,965863.0,86.91,2141858.0,220467.0,2106919.0,0,3,1
26,Graduate,2,Self-Employed,9.5,959761.0,79980.0,632.0,Good,606554.0,48,625198.0,67.04,813704.0,288774.0,1984029.0,0,1,1
26,Graduate,1,Salaried,13.4,468985.0,39082.0,706.0,Good,728128.0,48,594840.0,95.0,3933670.0,0.0,4410165.0,0,2,1
64,Graduate,0,Self-Employed,5.9,708232.0,59019.0,614.0,Good,933222.0,72,151587.0,24.04,2671507.0,601796.0,3483730.0,0,0,0
27,Graduate,4,Contract,6.3,650520.0,54210.0,634.0,Fair,1151526.0,84,302092.0,49.47,0.0,1039452.0,1145756.0,0,1,0
63,Graduate,1,Self-Employed,7.9,723309.0,60276.0,611.0,Good,794432.0,72,120620.0,18.87,0.0,139749.0,587210.0,0,0,1
33,Postgraduate,2,Salaried,11.5,468343.0,39029.0,591.0,Good,786521.0,36,11342.0,9.14,717574.0,857596.0,1924249.0,0,1,1
25,Graduate,0,Contract,0.0,626777.0,52231.0,760.0,Poor,125634.0,24,170470.0,28.4,3530504.0,479210.0,4278143.0,0,2,1
34,Postgraduate,1,Salaried,10.7,234506.0,19542.0,732.0,Good,1142881.0,36,591761.0,95.0,2780014.0,0.0,3121681.0,1,1,1
48,High School,3,Contract,6.9,685132.0,57094.0,753.0,Good,586846.0,48,484964.0,73.35,3586083.0,186846.0,4000385.0,0,2,1
40,Graduate,2,Self-Employed,1.7,767005.0,63917.0,683.0,Good,1236205.0,36,86589.0,17.74,1811230.0,165236.0,2306838.0,0,3,1
56,Graduate,2,Self-Employed,0.0,590871.0,49239.0,738.0,Good,1492398.0,72,230740.0,44.1,1569562.0,389215.0,2354050.0,1,0,1
48,Graduate,1,Contract,6.3,230087.0,19174.0,548.0,Good,815438.0,60,464807.0,95.0,427740.0,646830.0,1393233.0,0,3,0
39,Postgraduate,0,Self-Employed,14.2,907018.0,75585.0,745.0,Good,439510.0,48,174386.0,20.68,2184652.0,1147123.0,3639959.0,0,0,1
49,Graduate,4,Salaried,15.4,744777.0,62065.0,693.0,Good,892486.0,36,317509.0,47.42,1584215.0,0.0,2112787.0,0,4,1
64,High School,2,Salaried,8.8,461236.0,38436.0,727.0,Good,1056916.0,48,388406.0,91.08,1541861.0,330328.0,1802768.0,0,2,0
39,Postgraduate,1,Self-Employed,16.8,577044.0,48087.0,709.0,Good,758016.0,48,386005.0,70.83,3579856.0,186407.0,3856687.0,2,1,0
27,High School,1,Self-Employed,6.8,259826.0,21652.0,606.0,Good,646183.0,60,355912.0,95.0,1661020.0,56207.0,1972539.0,0,0,0
39,Graduate,3,Salaried,11.8,383393.0,31949.0,568.0,Good,1153589.0,24,156187.0,58.79,3264080.0,533407.0,3901513.0,0,1,0
58,Graduate,2,Business,4.7,510169.0,42514.0,627.0,Good,1123910.0,72,178786.0,39.45,53118.0,500518.0,724429.0,2,2,0
30,Postgraduate,1,Self-Employed,4.4,969389.0,80782.0,722.0,Good,744170.0,36,50597.0,8.29,4756923.0,0.0,5264471.0,0,2,1
63,Graduate,4,Salaried,3.6,483729.0,40311.0,732.0,Good,155670.0,36,0.0,1.29,1389402.0,506353.0,2115961.0,0,3,1
47,Graduate,4,Salaried,0.0,816456.0,68038.0,577.0,Good,1105370.0,84,274755.0,35.97,2577902.0,78111.0,2540171.0,1,0,0
48,Postgraduate,0,Salaried,13.4,510038.0,42503.0,606.0,Fair,554703.0,36,479577.0,95.0,2752900.0,504140.0,3422372.0,0,1,0
35,Graduate,3,Salaried,3.8,714466.0,59539.0,626.0,Fair,996453.0,24,0.0,8.37,1252908.0,944324.0,2458855.0,0,0,1
62,Postgraduate,4,Salaried,3.0,613237.0,51103.0,653.0,Good,968021.0,60,360054.0,62.5,2700933.0,662074.0,3620945.0,0,1,1
22,Postgraduate,2,Salaried,1.1,876995.0,73083.0,578.0,Fair,100000.0,48,472619.0,54.23,2758103.0,562131.0,3681441.0,1,2,0
34,Graduate,0,Salaried,6.0,510949.0,42579.0,573.0,Good,936487.0,24,0.0,11.0,1015541.0,314932.0,1675351.0,0,3,0
39,Postgraduate,0,Salaried,15.8,241143.0,20095.0,618.0,Good,1131540.0,12,240472.0,95.0,1028570.0,523404.0,1774209.0,1,0,1
42,Graduate,3,Self-Employed,17.5,290693.0,24224.0,686.0,Good,1186719.0,24,662166.0,95.0,1849838.0,697139.0,2558369.0,1,0,1
42,High School,4,Salaried,0.0,511712.0,42643.0,591.0,Good,952815.0,60,421427.0,86.83,1672957.0,662458.0,2497187.0,0,3,0
27,Graduate,0,Contract,5.2,325244.0,27104.0,671.0,Fair,100000.0,36,0.0,1.23,3332443.0,465273.0,3923161.0,0,2,1
31,Graduate,2,Contract,1.8,756655.0,63055.0,759.0,Good,1474686.0,72,444835.0,62.69,2572935.0,576082.0,3341996.0,0,0,1
25,High School,2,Self-Employed,11.9,528900.0,44075.0,582.0,Good,1084960.0,72,135498.0,29.72,1722534.0,39203.0,2149971.0,1,2,0
46,Graduate,1,Contract,8.4,1267398.0,105616.0,665.0,Fair,358506.0,36,452088.0,36.8,2466686.0,242982.0,3040489.0,0,2,1
36,Graduate,3,Business,3.8,198194.0,16516.0,757.0,Good,545507.0,48,148182.0,83.02,0.0,747646.0,1162447.0,1,0,1
46,Graduate,4,Salaried,7.4,702945.0,58579.0,649.0,Good,1004051.0,36,288333.0,46.73,1123158.0,794712.0,2091053.0,1,1,1
47,High School,1,Business,4.6,356732.0,29728.0,637.0,Good,1205903.0,36,181741.0,64.47,2116603.0,532760.0,3201035.0,0,0,0
52,Postgraduate,0,Salaried,15.1,521716.0,43476.0,767.0,Poor,680417.0,36,300695.0,62.85,3026902.0,1017638.0,4429108.0,1,3,1
45,Graduate,1,Self-Employed,9.7,686769.0,57231.0,657.0,Good,1271486.0,72,175198.0,29.21,2019746.0,677807.0,2970000.0,1,2,0
50,High School,1,Self-Employed,10.3,150000.0,12500.0,763.0,Fair,100000.0,48,250822.0,95.0,3404063.0,418405.0,4193137.0,0,1,1
47,Graduate,3,Salaried,0.0,711575.0,59298.0,712.0,Good,430893.0,60,41367.0,7.27,2754734.0,73087.0,2942669.0,0,3,1
50,Graduate,2,Salaried,6.7,1144756.0,95396.0,654.0,Poor,100000.0,60,407945.0,35.85,1262838.0,1003557.0,2094644.0,0,1,0
48,Graduate,0,Contract,17.4,532106.0,44342.0,716.0,Poor,496168.0,72,338563.0,65.49,1645966.0,769611.0,2544238.0,0,0,1
35,Graduate,1,Salaried,13.6,717550.0,59796.0,704.0,Fair,1578635.0,48,0.0,6.6,2249264.0,1129409.0,3778164.0,0,1,1
32,High School,3,Salaried,0.0,916480.0,76373.0,757.0,Good,1826011.0,36,518442.0,64.54,1306501.0,1258397.0,2830941.0,0,1,1
56,Postgraduate,2,Salaried,5.4,607372.0,50614.0,639.0,Good,1005566.0,84,261217.0,45.85,3484419.0,49571.0,3756623.0,0,2,0
36,Graduate,2,Salaried,1.0,498950.0,41579.0,683.0,Fair,612707.0,48,335588.0,70.94,580401.0,50483.0,711316.0,0,1,0
45,High School,1,Business,15.6,150000.0,12500.0,675.0,Good,800262.0,60,468204.0,95.0,2147717.0,0.0,2006552.0,1,1,0
29,Postgraduate,1,Business,8.2,816658.0,68055.0,733.0,Fair,1113003.0,60,372213.0,48.85,2608991.0,821427.0,3965387.0,0,1,1
40,Graduate,0,Salaried,3.2,620576.0,51715.0,603.0,Fair,196659.0,60,556345.0,90.41,1455208.0,729769.0,2393398.0,0,1,1
44,Graduate,0,Salaried,7.2,386702.0,32225.0,756.0,Good,642375.0,36,235475.0,67.54,1207321.0,534223.0,1905636.0,0,1,0
49,Graduate,0,Salaried,0.0,682915.0,56910.0,715.0,Good,1545702.0,36,527574.0,86.31,1716311.0,70853.0,1902835.0,0,3,1
44,Graduate,3,Salaried,1.6,498243.0,41520.0,581.0,Good,429430.0,60,327043.0,67.71,2693198.0,468838.0,3662940.0,0,2,0
37,Graduate,0,Business,7.2,512609.0,42717.0,771.0,Fair,562939.0,60,411679.0,82.95,1250167.0,564647.0,2241084.0,1,1,1
64,High School,2,Business,11.2,807636.0,67303.0,848.0,Good,905937.0,72,388798.0,50.38,624187.0,773954.0,1454693.0,0,0,1
44,Graduate,4,Salaried,0.0,302021.0,25168.0,755.0,Good,1027414.0,60,572961.0,95.0,3065643.0,595545.0,4144097.0,1,1,1
57,Postgraduate,3,Self-Employed,5.1,922302.0,76858.0,787.0,Fair,618748.0,72,458711.0,51.08,2239226.0,732330.0,3192542.0,0,1,1
54,Graduate,2,Salaried,12.0,286602.0,23884.0,686.0,Good,934634.0,84,202552.0,76.26,2908643.0,456554.0,3493089.0,0,0,1
46,Graduate,0,Self-Employed,0.0,477698.0,39808.0,555.0,Good,1173573.0,60,158921.0,39.16,2635265.0,913519.0,3740062.0,0,0,1
60,High School,2,Self-Employed,8.1,1149966.0,95830.0,542.0,Good,1782653.0,24,289054.0,34.44,4197878.0,721106.0,5012325.0,1,3,0
26,Graduate,4,Self-Employed,7.3,943112.0,78593.0,699.0,Good,843190.0,48,132778.0,16.76,3026469.0,84573.0,3096867.0,0,1,1
62,Graduate,1,Self-Employed,15.6,675377.0,56281.0,636.0,Good,881416.0,60,68518.0,13.28,1003512.0,986227.0,2394965.0,0,1,0
59,High School,4,Contract,5.8,405462.0,33788.0,611.0,Fair,1587354.0,60,0.0,9.4,2317295.0,928950.0,3452104.0,0,1,1
43,High School,3,Salaried,6.1,512389.0,42699.0,675.0,Fair,652875.0,36,0.0,5.1,1186762.0,662916.0,2223120.0,1,2,1
54,Graduate,1,Salaried,11.3,669052.0,55754.0,726.0,Fair,304041.0,60,736789.0,95.0,1300461.0,598251.0,2206155.0,1,1,1
44,Graduate,0,Salaried,0.4,659756.0,54980.0,571.0,Poor,1012612.0,48,155570.0,28.18,246250.0,1080514.0,1686472.0,0,2,0
33,High School,0,Self-Employed,5.9,626374.0,52198.0,646.0,Good,1384279.0,48,718761.0,95.0,1485275.0,0.0,1326078.0,0,2,0
56,High School,1,Self-Employed,4.7,641984.0,53499.0,793.0,Good,1062471.0,72,388694.0,63.86,2399538.0,934429.0,3410615.0,1,0,1
32,Graduate,1,Self-Employed,6.3,594262.0,49522.0,599.0,Good,856343.0,48,289053.0,52.96,1727376.0,333328.0,2424577.0,1,2,0
35,Graduate,3,Business,11.2,275086.0,22924.0,745.0,Fair,248223.0,60,0.0,2.17,590695.0,883312.0,1469041.0,0,0,1
44,Graduate,2,Salaried,9.8,515707.0,42976.0,644.0,Good,873734.0,60,301027.0,62.44,124679.0,542132.0,991424.0,0,0,1
58,High School,2,Self-Employed,3.3,887802.0,73984.0,721.0,Poor,1454920.0,60,716280.0,84.61,4123031.0,64976.0,4159866.0,0,0,1
38,Graduate,3,Business,7.7,294233.0,24519.0,762.0,Good,344647.0,36,642680.0,95.0,2157677.0,326218.0,2737184.0,0,0,1
43,Postgraduate,3,Salaried,14.5,600716.0,50060.0,736.0,Fair,789864.0,60,360333.0,63.14,893524.0,857605.0,2323127.0,0,1,1
22,Graduate,3,Salaried,2.8,436864.0,36405.0,748.0,Good,725632.0,48,47293.0,15.81,2307962.0,426427.0,3139309.0,1,1,1
26,High School,4,Salaried,7.7,678951.0,56579.0,594.0,Fair,586033.0,60,89424.0,15.24,4208105.0,282480.0,4370437.0,0,2,0
23,Graduate,1,Salaried,6.0,548955.0,45746.0,764.0,Good,1011565.0,36,112430.0,27.85,2482509.0,280140.0,3182323.0,0,1,1
24,Graduate,4,Business,6.7,1034122.0,86177.0,616.0,Good,1099487.0,84,581194.0,58.02,0.0,724787.0,1339235.0,0,0,0
60,High School,2,Contract,0.0,781712.0,65143.0,699.0,Fair,1094772.0,72,658978.0,87.1,4717521.0,1112722.0,6639646.0,0,1,1
58,Graduate,0,Self-Employed,14.1,308931.0,25744.0,699.0,Good,460436.0,48,343096.0,95.0,0.0,0.0,345015.0,0,2,0
57,Postgraduate,0,Salaried,3.1,824519.0,68710.0,716.0,Fair,159307.0,48,233322.0,28.88,1573387.0,1480240.0,3030743.0,0,1,1
23,Graduate,0,Self-Employed,12.1,448591.0,37383.0,705.0,Fair,1018075.0,48,640716.0,95.0,553255.0,571311.0,1461502.0,0,4,0
24,Postgraduate,4,Business,3.9,499981.0,41665.0,617.0,Fair,672336.0,60,84714.0,20.17,985998.0,703078.0,2258283.0,0,0,0
33,Graduate,0,Salaried,3.9,731593.0,60966.0,579.0,Good,1727241.0,60,311401.0,48.23,2112851.0,347308.0,2672741.0,1,0,0
46,Graduate,4,Business,13.1,522146.0,43512.0,745.0,Good,1748029.0,60,401853.0,85.0,0.0,498770.0,957392.0,0,1,1
36,High School,3,Salaried,12.0,882143.0,73512.0,694.0,Good,1795810.0,72,110184.0,16.56,1700730.0,567380.0,2350189.0,1,3,0
42,Graduate,2,Salaried,8.0,448627.0,37386.0,766.0,Good,476950.0,48,160099.0,38.88,3062077.0,132816.0,3519364.0,0,0,1
28,High School,4,Salaried,10.8,489074.0,40756.0,677.0,Good,1156216.0,60,142978.0,34.91,872436.0,218011.0,842531.0,0,1,0
53,Graduate,4,Salaried,5.6,479344.0,39945.0,575.0,Poor,1291929.0,48,611680.0,95.0,270686.0,914599.0,1245218.0,0,3,0
35,Graduate,4,Business,7.0,502934.0,41911.0,752.0,Poor,1241259.0,60,721161.0,95.0,1646764.0,0.0,1895540.0,0,1,1
23,Graduate,2,Salaried,3.7,935790.0,77982.0,652.0,Good,740521.0,48,325254.0,37.13,1427824.0,654364.0,2259517.0,0,3,0
54,Graduate,1,Salaried,11.5,813487.0,67791.0,706.0,Fair,1475624.0,72,240992.0,33.25,1145250.0,370319.0,1505446.0,0,1,1
61,High School,0,Salaried,3.5,1094585.0,91215.0,631.0,Good,900214.0,12,168035.0,25.22,492819.0,163752.0,806640.0,0,1,1
21,Graduate,4,Salaried,14.4,1239587.0,103299.0,803.0,Good,957648.0,36,300384.0,27.32,2371103.0,1190176.0,3877210.0,0,1,1
40,Postgraduate,4,Salaried,5.4,382014.0,31834.0,614.0,Good,207975.0,36,178951.0,49.02,2454790.0,165924.0,2853468.0,0,1,0
58,High School,2,Salaried,7.1,668309.0,55692.0,655.0,Fair,1190144.0,84,278653.0,44.75,627789.0,104464.0,994441.0,0,1,0
52,Graduate,0,Self-Employed,10.8,344188.0,28682.0,688.0,Fair,782815.0,60,390911.0,95.0,780021.0,434560.0,1610975.0,1,2,0
59,Graduate,4,Salaried,7.1,447822.0,37318.0,598.0,Good,1109150.0,48,210831.0,54.51,1950141.0,231004.0,2362512.0,0,1,1
39,Graduate,1,Business,5.5,486179.0,40515.0,705.0,Good,1005801.0,48,258291.0,59.33,738531.0,502233.0,1762600.0,1,2,1
37,Graduate,2,Salaried,6.8,375140.0,31262.0,801.0,Good,981421.0,48,259200.0,76.94,1996528.0,554390.0,2603064.0,0,1,1
52,High School,3,Business,11.5,376509.0,31376.0,643.0,Good,879429.0,72,230136.0,65.8,3414851.0,582130.0,4632582.0,0,3,0
27,Graduate,0,Business,3.7,612486.0,51040.0,710.0,Good,1253970.0,84,202881.0,36.63,1734195.0,456638.0,2663441.0,0,0,1
31,Graduate,0,Salaried,6.4,333653.0,27804.0,474.0,Fair,810498.0,72,467683.0,95.0,465022.0,254243.0,898065.0,0,2,0
48,Graduate,0,Salaried,7.1,868953.0,72413.0,677.0,Poor,245161.0,72,0.0,1.0,2231314.0,725191.0,3148641.0,0,0,1
51,Postgraduate,4,Contract,11.3,411384.0,34282.0,657.0,Good,1156030.0,36,646342.0,95.0,1604580.0,460908.0,2356835.0,3,0,0
26,Postgraduate,4,Salaried,6.5,1380488.0,115041.0,619.0,Fair,535948.0,36,329816.0,25.44,1634827.0,326534.0,2331095.0,0,1,1
43,High School,2,Self-Employed,16.0,532640.0,44387.0,761.0,Fair,304082.0,60,434204.0,82.89,2322855.0,1017998.0,3809763.0,1,1,1
37,Graduate,2,Salaried,6.2,668725.0,55727.0,656.0,Good,439990.0,60,459517.0,70.29,2560141.0,457541.0,2999564.0,0,3,1
43,High School,2,Salaried,5.8,313211.0,26101.0,667.0,Fair,1027500.0,36,144227.0,59.17,1839052.0,882195.0,3058736.0,0,0,1
64,High School,1,Self-Employed,6.1,1093584.0,91132.0,652.0,Good,856567.0,60,98841.0,10.92,1733252.0,929393.0,2489342.0,0,0,0
24,Graduate,2,Business,0.4,941070.0,78422.0,536.0,Good,100000.0,36,72901.0,8.17,4069896.0,950685.0,5235121.0,0,0,1
65,Graduate,1,Salaried,1.8,727198.0,60600.0,595.0,Good,727355.0,36,245645.0,37.78,3120609.0,741905.0,4403297.0,0,2,0
41,Graduate,3,Business,4.3,299831.0,24986.0,752.0,Fair,1426154.0,48,453825.0,95.0,2716901.0,499778.0,3183157.0,0,1,0
55,Graduate,1,Self-Employed,12.7,704773.0,58731.0,522.0,Good,696917.0,72,171572.0,26.32,1944327.0,477585.0,2352064.0,1,2,0
40,Graduate,3,Salaried,6.8,358428.0,29869.0,623.0,Good,825536.0,60,433745.0,95.0,693682.0,414558.0,1402399.0,0,0,0
34,Postgraduate,4,Salaried,4.6,1030212.0,85851.0,650.0,Good,1369346.0,60,0.0,3.19,3040125.0,0.0,3567611.0,0,1,1
55,Postgraduate,1,Salaried,13.1,860391.0,71699.0,811.0,Good,1257970.0,72,215175.0,27.93,1958724.0,751582.0,3025385.0,1,1,1
51,High School,0,Salaried,14.8,674814.0,56234.0,738.0,Good,1359788.0,72,556770.0,86.54,1165114.0,585563.0,1619753.0,0,2,1
27,Graduate,2,Self-Employed,13.3,150000.0,12500.0,638.0,Good,100000.0,48,262386.0,95.0,1532546.0,788933.0,2234853.0,0,0,0
52,Graduate,0,Salaried,2.7,394312.0,32859.0,778.0,Fair,1680085.0,72,117588.0,38.34,737199.0,459049.0,1465797.0,1,1,0
54,Graduate,1,Salaried,4.5,828818.0,69068.0,624.0,Good,1186380.0,36,155494.0,24.49,2963062.0,732689.0,3709903.0,0,1,0
38,Graduate,3,Self-Employed,16.1,965350.0,80446.0,756.0,Good,2007664.0,60,0.0,4.99,2551341.0,17873.0,2846551.0,0,1,1
62,Postgraduate,2,Self-Employed,8.2,938384.0,78199.0,578.0,Fair,547953.0,24,77404.0,11.75,1999796.0,90757.0,2379752.0,1,2,0
49,High School,2,Self-Employed,5.7,236077.0,19673.0,760.0,Fair,106447.0,48,532593.0,95.0,1752936.0,0.0,1904984.0,0,0,0
36,Graduate,3,Self-Employed,10.6,728404.0,60700.0,650.0,Good,903248.0,60,171827.0,26.57,1051264.0,452978.0,2117193.0,0,0,0
21,Postgraduate,0,Salaried,12.0,914034.0,76170.0,603.0,Good,776082.0,24,197800.0,26.73,0.0,229616.0,597709.0,0,0,1
51,High School,2,Self-Employed,4.1,218833.0,18236.0,664.0,Good,1194149.0,48,0.0,16.37,245780.0,183816.0,921914.0,0,0,0
30,High School,0,Salaried,8.1,647945.0,53995.0,701.0,Good,1383718.0,60,0.0,5.13,983090.0,617128.0,2034334.0,0,1,1
55,Graduate,2,Salaried,11.6,721199.0,60100.0,643.0,Fair,860718.0,60,561811.0,80.76,817737.0,351072.0,1388794.0,0,4,1
44,Postgraduate,1,Salaried,1.2,571801.0,47650.0,722.0,Good,791681.0,24,435805.0,84.52,2118297.0,0.0,2329408.0,1,1,1
42,Graduate,4,Self-Employed,7.1,168438.0,14036.0,636.0,Good,1135224.0,24,14563.0,49.08,2692643.0,1390668.0,4273787.0,1,0,1
28,Postgraduate,1,Self-Employed,1.4,565318.0,47110.0,727.0,Good,784652.0,48,161274.0,32.69,1658717.0,487046.0,2531983.0,1,2,1
53,Graduate,1,Salaried,2.1,564901.0,47075.0,713.0,Good,747008.0,72,293582.0,54.62,3349809.0,120893.0,3590629.0,0,1,1
28,High School,0,Business,4.2,611501.0,50958.0,675.0,Good,1366711.0,72,36852.0,10.5,938813.0,265558.0,1799378.0,0,1,1
39,Graduate,0,Business,9.4,503497.0,41958.0,647.0,Fair,1466900.0,48,0.0,8.74,1650909.0,439400.0,2191135.0,0,2,0
58,Postgraduate,1,Salaried,5.4,534817.0,44568.0,691.0,Good,1387785.0,60,264974.0,55.77,1743914.0,438664.0,2475473.0,0,3,0
62,Postgraduate,1,Self-Employed,3.8,639676.0,53306.0,721.0,Good,824297.0,60,425974.0,69.68,3001405.0,955757.0,4161346.0,0,1,1
65,High School,3,Salaried,7.3,765038.0,63753.0,835.0,Fair,100000.0,84,430209.0,56.46,1916476.0,472200.0,2548517.0,1,3,1
64,High School,4,Contract,1.3,570849.0,47571.0,750.0,Good,833307.0,24,492552.0,95.0,1946926.0,1149323.0,3780718.0,0,0,0
46,Postgraduate,4,Salaried,9.1,543491.0,45291.0,753.0,Good,558909.0,60,0.0,2.47,0.0,348652.0,510841.0,1,0,1
30,Graduate,4,Salaried,12.7,674012.0,56168.0,850.0,Good,841624.0,60,312738.0,49.4,810103.0,649253.0,1648412.0,1,0,1
58,High School,4,Salaried,6.6,150562.0,12547.0,719.0,Good,598009.0,48,240941.0,95.0,3005548.0,857693.0,3980414.0,0,0,1
57,Postgraduate,2,Salaried,6.0,774029.0,64502.0,716.0,Good,890667.0,24,280811.0,43.18,0.0,918303.0,1176511.0,1,1,0
65,Graduate,1,Self-Employed,8.9,649854.0,54154.0,733.0,Good,432326.0,24,253408.0,42.99,3277292.0,959155.0,4466186.0,0,2,1
50,Graduate,3,Self-Employed,0.0,660320.0,55027.0,604.0,Fair,323677.0,48,154701.0,24.9,2349631.0,404796.0,2780576.0,0,1,1
27,High School,1,Salaried,9.7,899791.0,74983.0,647.0,Fair,1450211.0,60,0.0,3.87,977727.0,498079.0,1640932.0,0,0,1
43,High School,3,Self-Employed,22.5,150000.0,12500.0,642.0,Good,463654.0,60,555602.0,95.0,884746.0,0.0,1256683.0,0,1,1
41,Postgraduate,4,Business,6.4,150000.0,12500.0,729.0,Good,900149.0,36,372598.0,95.0,3885551.0,431396.0,4772344.0,0,1,1
58,Graduate,0,Business,6.4,721189.0,60099.0,667.0,Fair,1329532.0,72,0.0,3.69,3352546.0,881939.0,4489285.0,0,1,1
38,High School,3,Self-Employed,10.7,648150.0,54012.0,690.0,Good,1311437.0,48,404089.0,68.42,1668615.0,813893.0,2744307.0,0,2,1
35,Graduate,4,Salaried,15.2,694246.0,57854.0,762.0,Good,1257682.0,84,201593.0,32.14,1948051.0,469730.0,2595582.0,0,1,1
24,High School,2,Salaried,11.9,529847.0,44154.0,745.0,Fair,1036290.0,24,207826.0,50.96,1089201.0,1094699.0,2333412.0,0,1,0
58,High School,1,Business,0.0,822732.0,68561.0,668.0,Good,1225801.0,72,130949.0,18.9,1948262.0,365598.0,2379945.0,0,0,1
54,Graduate,1,Business,9.8,892486.0,74374.0,630.0,Poor,1517890.0,72,418125.0,50.25,1058706.0,249351.0,1246727.0,1,2,0
22,Graduate,0,Self-Employed,19.9,775835.0,64653.0,765.0,Good,1091260.0,72,124039.0,18.8,1713603.0,336143.0,2159257.0,0,1,1
40,High School,1,Business,10.1,582185.0,48515.0,738.0,Fair,100000.0,72,58696.0,10.43,3791362.0,107137.0,4329310.0,0,1,1
42,Graduate,3,Salaried,1.2,150000.0,12500.0,560.0,Good,662160.0,48,548984.0,95.0,1694825.0,717838.0,2577780.0,0,1,0
42,Graduate,2,Self-Employed,8.4,850001.0,70833.0,657.0,Good,1213367.0,60,260646.0,34.09,647176.0,600969.0,1428941.0,0,2,1
62,Graduate,1,Salaried,0.6,967649.0,80637.0,692.0,Good,617807.0,60,267553.0,29.18,296991.0,713493.0,1187387.0,0,0,1
27,High School,2,Salaried,13.2,817585.0,68132.0,738.0,Poor,1629048.0,48,452342.0,61.3,1939830.0,354970.0,2793742.0,1,2,1
34,High School,4,Salaried,2.2,421293.0,35108.0,748.0,Good,871569.0,84,153131.0,39.89,963015.0,479674.0,1507012.0,0,3,0
29,High School,0,Salaried,7.4,825187.0,68766.0,701.0,Good,938362.0,36,197006.0,28.42,2071263.0,0.0,2376674.0,0,0,1
31,Graduate,0,Contract,2.7,873738.0,72812.0,724.0,Poor,1406135.0,48,367257.0,46.86,18547.0,631679.0,886533.0,0,2,0
61,Graduate,4,Salaried,4.3,1055292.0,87941.0,685.0,Good,817718.0,72,0.0,1.55,2559275.0,534595.0,3357455.0,1,1,1
63,High School,3,Business,14.4,422211.0,35184.0,629.0,Good,979325.0,36,348642.0,91.85,633819.0,114815.0,1047504.0,1,2,0
23,Postgraduate,2,Business,7.5,591122.0,49260.0,660.0,Good,1304606.0,36,133743.0,31.45,1850927.0,463370.0,2575730.0,0,2,0
49,Graduate,4,Self-Employed,4.2,844291.0,70358.0,681.0,Fair,237478.0,48,488204.0,58.67,1427866.0,409753.0,2246223.0,0,1,1
31,High School,2,Contract,1.3,664927.0,55411.0,677.0,Good,771616.0,60,420266.0,65.99,3690228.0,1117509.0,5051886.0,0,2,1
29,High School,2,Salaried,0.0,359495.0,29958.0,539.0,Good,1273119.0,72,391201.0,95.0,1988638.0,128606.0,2716119.0,0,2,0
34,High School,1,Salaried,0.7,757800.0,63150.0,650.0,Poor,929520.0,24,0.0,7.36,3940019.0,615999.0,4814914.0,0,1,0
29,High School,4,Salaried,7.6,800452.0,66704.0,684.0,Good,1560300.0,60,277253.0,39.32,2416817.0,118231.0,2444355.0,0,0,1
43,Graduate,3,Salaried,11.9,672870.0,56072.0,659.0,Good,190834.0,60,41001.0,6.77,3367947.0,304744.0,4050353.0,0,1,1
65,High School,1,Business,4.2,707092.0,58924.0,661.0,Good,139499.0,60,291890.0,41.75,1570322.0,596887.0,2495628.0,0,3,1
47,Postgraduate,3,Salaried,14.9,582736.0,48561.0,717.0,Good,1246359.0,60,0.0,5.13,2180053.0,426023.0,2862585.0,0,3,1
53,Graduate,3,Salaried,3.4,1034353.0,86196.0,599.0,Good,1289613.0,84,0.0,2.14,3140508.0,497903.0,3836497.0,0,1,1
43,Graduate,0,Salaried,5.8,415820.0,34652.0,558.0,Good,813037.0,48,561587.0,95.0,2795456.0,616453.0,3238985.0,0,1,0
21,Postgraduate,0,Self-Employed,1.6,497297.0,41441.0,654.0,Good,1080177.0,36,381192.0,85.34,2384093.0,327209.0,2571933.0,0,1,1
24,Graduate,2,Business,12.0,652856.0,54405.0,737.0,Fair,1235343.0,60,222161.0,38.57,1439272.0,809451.0,2828227.0,0,1,1
33,Postgraduate,3,Salaried,17.5,878528.0,73211.0,807.0,Good,533762.0,48,100076.0,13.21,1625346.0,393082.0,2151327.0,0,2,1
31,Postgraduate,3,Business,0.0,260683.0,21724.0,739.0,Good,581918.0,48,61464.0,30.27,3051428.0,465856.0,3960408.0,0,3,1
58,Graduate,1,Self-Employed,5.3,309323.0,25777.0,570.0,Good,985377.0,24,344034.0,95.0,3280502.0,626459.0,3836354.0,1,1,0
58,High School,4,Business,13.3,150000.0,12500.0,663.0,Fair,1306840.0,36,224401.0,95.0,1147851.0,579450.0,1767929.0,0,3,0
59,Graduate,2,Salaried,0.0,658501.0,54875.0,699.0,Fair,375319.0,84,640262.0,95.0,981865.0,725480.0,2093073.0,0,4,0
49,High School,1,Self-Employed,9.8,359240.0,29937.0,693.0,Fair,810924.0,24,259352.0,85.74,805453.0,610938.0,1645891.0,0,1,1
46,Graduate,0,Salaried,13.1,550017.0,45835.0,720.0,Poor,790094.0,60,312919.0,60.34,2712671.0,664161.0,3734365.0,0,0,1
50,Graduate,4,Salaried,7.4,821958.0,68496.0,611.0,Fair,1088082.0,60,0.0,3.18,777577.0,386120.0,1410970.0,0,2,1
39,Graduate,3,Business,9.8,483199.0,40267.0,685.0,Poor,896086.0,12,220646.0,67.92,2699364.0,125930.0,3033760.0,2,2,0
51,Postgraduate,2,Self-Employed,15.8,710133.0,59178.0,712.0,Good,654352.0,36,338938.0,51.41,2400259.0,326.0,2514576.0,0,0,1
56,Graduate,1,Salaried,16.7,572172.0,47681.0,742.0,Good,1461855.0,48,217987.0,45.76,1200399.0,0.0,1211598.0,0,1,1
55,Graduate,0,Business,6.7,824750.0,68729.0,620.0,Good,657334.0,60,193162.0,25.33,3520245.0,1116954.0,5167739.0,1,0,0
48,Graduate,0,Salaried,4.3,773533.0,64461.0,654.0,Good,768557.0,48,371920.0,51.06,191515.0,0.0,754977.0,0,1,1
23,Postgraduate,0,Self-Employed,2.4,470097.0,39175.0,477.0,Good,183826.0,60,633261.0,95.0,3625486.0,917803.0,4585548.0,1,1,0
53,Graduate,2,Contract,11.9,606151.0,50513.0,633.0,Good,578868.0,36,331893.0,58.57,2150774.0,212696.0,2392654.0,0,2,0
37,High School,0,Self-Employed,0.1,921373.0,76781.0,641.0,Good,1132234.0,12,551721.0,74.63,0.0,915254.0,1095699.0,1,1,0
54,Graduate,0,Business,5.7,752278.0,62690.0,604.0,Fair,1044271.0,12,436753.0,74.72,3551068.0,0.0,3869155.0,1,0,1
45,High School,1,Self-Employed,7.5,286790.0,23899.0,692.0,Good,1169783.0,48,538558.0,95.0,2869434.0,417717.0,3500787.0,0,0,1
60,Graduate,3,Business,4.5,820461.0,68372.0,676.0,Good,1147942.0,48,165862.0,24.41,1328967.0,1008909.0,2687780.0,1,1,1
36,Graduate,2,Self-Employed,8.4,368001.0,30667.0,511.0,Poor,1839471.0,84,254476.0,77.72,738807.0,749623.0,1728580.0,1,0,0
62,Graduate,0,Self-Employed,19.8,1017253.0,84771.0,696.0,Good,563464.0,24,255390.0,28.43,74027.0,381957.0,683058.0,0,0,1
59,Graduate,3,Salaried,6.4,916266.0,76356.0,610.0,Good,171259.0,60,420181.0,46.31,4456991.0,0.0,5189607.0,0,2,0
35,Postgraduate,2,Business,4.8,725370.0,60448.0,716.0,Good,427251.0,60,474331.0,66.81,784280.0,37129.0,966368.0,0,1,1
42,Postgraduate,0,Salaried,12.1,690881.0,57573.0,584.0,Good,583357.0,60,327512.0,49.43,410053.0,986201.0,1974243.0,2,0,0
44,Graduate,3,Contract,8.2,595652.0,49638.0,682.0,Poor,461553.0,60,492875.0,84.61,2094711.0,378116.0,3012200.0,1,1,0
55,Graduate,4,Salaried,14.2,826416.0,68868.0,659.0,Good,942147.0,12,176067.0,34.99,0.0,474862.0,825681.0,1,1,0
52,Graduate,2,Salaried,7.8,553598.0,46133.0,703.0,Poor,1463695.0,60,494783.0,95.0,720297.0,599237.0,1184308.0,1,2,0
59,Postgraduate,0,Business,5.8,711248.0,59271.0,689.0,Good,1592847.0,48,523478.0,80.32,2894466.0,44006.0,3194683.0,0,1,1
37,Postgraduate,1,Salaried,0.0,876703.0,73059.0,661.0,Fair,1126939.0,72,449049.0,53.79,2310632.0,642552.0,3100245.0,1,0,0
43,High School,2,Salaried,0.0,503930.0,41994.0,565.0,Good,1863572.0,36,329517.0,80.18,1374993.0,353135.0,1982146.0,1,0,0
40,High School,4,Business,0.0,489790.0,40816.0,569.0,Good,739632.0,60,456931.0,95.0,1820137.0,602796.0,2460340.0,0,1,0
61,Graduate,4,Salaried,8.9,339465.0,28289.0,636.0,Good,165366.0,60,103319.0,31.6,1313282.0,297682.0,2012216.0,1,2,0
34,High School,4,Salaried,0.2,373237.0,31103.0,679.0,Good,1373930.0,60,343640.0,95.0,1731802.0,0.0,2178799.0,1,1,0
47,Graduate,4,Self-Employed,13.3,174617.0,14551.0,634.0,Poor,100000.0,36,366112.0,95.0,962007.0,350420.0,1796432.0,0,1,0
26,High School,2,Salaried,7.2,839755.0,69980.0,727.0,Fair,560249.0,60,7507.0,2.5,1161737.0,724272.0,2059573.0,0,1,1
59,Graduate,3,Salaried,5.8,1120318.0,93360.0,659.0,Good,1134051.0,60,404409.0,38.53,1128254.0,637921.0,1804290.0,3,2,0
38,High School,3,Salaried,2.8,1020586.0,85049.0,608.0,Fair,853928.0,60,25260.0,4.48,1001553.0,510826.0,1832715.0,1,1,0
36,Graduate,3,Salaried,10.1,227218.0,18935.0,659.0,Good,814071.0,48,205858.0,95.0,2948302.0,814346.0,4363863.0,1,1,0
47,Graduate,3,Salaried,3.0,838462.0,69872.0,697.0,Poor,368644.0,36,308747.0,38.58,2647129.0,428742.0,3339749.0,0,1,1
43,Graduate,0,Salaried,2.1,1019748.0,84979.0,704.0,Good,895139.0,36,139238.0,17.17,774400.0,519697.0,1634556.0,0,0,1
59,Graduate,4,Self-Employed,12.9,531229.0,44269.0,821.0,Good,1351648.0,72,318162.0,64.98,486167.0,332082.0,1021264.0,1,0,1
44,Postgraduate,0,Self-Employed,8.8,676376.0,56365.0,630.0,Good,908986.0,48,314643.0,50.55,1626996.0,834816.0,2611118.0,0,0,1
44,Postgraduate,2,Salaried,5.8,150000.0,12500.0,674.0,Good,526398.0,60,119560.0,88.13,4170816.0,602035.0,5154506.0,1,2,0
25,Graduate,2,Salaried,10.2,719351.0,59946.0,712.0,Poor,338608.0,60,424954.0,60.2,669524.0,305065.0,1203376.0,0,1,1
21,High School,4,Business,7.0,373474.0,31123.0,678.0,Good,535682.0,60,131886.0,38.76,1622653.0,0.0,1953358.0,0,4,0
38,High School,0,Self-Employed,8.9,701905.0,58492.0,642.0,Good,1076550.0,60,803354.0,95.0,1897592.0,886736.0,3135829.0,0,2,0
65,Postgraduate,2,Salaried,2.9,244087.0,20341.0,564.0,Fair,1054621.0,60,275915.0,95.0,1680494.0,239577.0,2239574.0,0,1,0
62,Graduate,1,Salaried,17.4,791143.0,65929.0,642.0,Good,539772.0,60,42315.0,6.99,1295969.0,525223.0,2182763.0,0,2,1
49,Postgraduate,0,Salaried,4.1,916373.0,76364.0,599.0,Good,100000.0,36,83445.0,9.54,3070588.0,1323410.0,4473397.0,0,0,0
49,Graduate,1,Business,14.8,446373.0,37198.0,551.0,Fair,1089006.0,72,552468.0,95.0,2299904.0,780528.0,3147626.0,0,1,0
38,High School,2,Contract,6.1,354400.0,29533.0,620.0,Good,496032.0,84,209987.0,61.65,2730386.0,1063902.0,4035764.0,0,1,0
28,Graduate,4,Contract,11.0,150000.0,12500.0,601.0,Fair,1210078.0,48,0.0,24.2,2448318.0,311656.0,3006262.0,0,1,0
21,Postgraduate,1,Salaried,10.7,580732.0,48394.0,724.0,Good,559751.0,84,487817.0,85.65,2783343.0,874842.0,3803720.0,0,0,1
36,Postgraduate,4,Salaried,12.7,498786.0,41566.0,725.0,Good,455445.0,84,208574.0,43.38,3542846.0,509334.0,4350380.0,0,1,1
35,High School,3,Salaried,2.8,246735.0,20561.0,612.0,Good,968927.0,60,443752.0,95.0,3264148.0,628106.0,4323897.0,0,1,0
29,Graduate,4,Salaried,12.4,767785.0,63982.0,660.0,Good,1960965.0,60,505825.0,72.01,4357284.0,1207295.0,6052081.0,0,0,0
32,High School,4,Salaried,16.2,533008.0,44417.0,541.0,Good,1237063.0,60,360382.0,73.18,3139075.0,402474.0,4074001.0,0,2,0
22,Postgraduate,3,Self-Employed,5.7,370309.0,30859.0,643.0,Good,961299.0,36,827100.0,95.0,1063609.0,506739.0,1557388.0,1,1,0
48,Graduate,3,Salaried,7.2,505811.0,42151.0,710.0,Fair,1061483.0,24,0.0,12.59,2732043.0,183875.0,2933318.0,0,0,1
62,Graduate,0,Contract,4.4,928539.0,77378.0,742.0,Good,111998.0,48,120051.0,13.29,2581479.0,810964.0,3584514.0,1,3,1
52,High School,3,Salaried,5.3,806764.0,67230.0,627.0,Fair,394947.0,72,243691.0,31.19,3912324.0,303781.0,4482162.0,0,2,1
41,Graduate,0,Salaried,15.6,616193.0,51349.0,759.0,Good,100000.0,48,797458.0,95.0,736126.0,857949.0,1796391.0,0,0,1
39,Graduate,3,Business,2.0,810967.0,67581.0,566.0,Poor,1678443.0,72,695561.0,89.91,2413746.0,0.0,2553218.0,0,1,0
34,Graduate,3,Business,2.3,348163.0,29014.0,586.0,Good,1587324.0,60,583512.0,95.0,1050823.0,692023.0,1931962.0,0,1,0
27,Postgraduate,3,Salaried,15.1,658416.0,54868.0,733.0,Fair,1076768.0,60,125293.0,22.95,2363800.0,274707.0,2985170.0,0,1,1
47,Postgraduate,3,Self-Employed,10.1,688304.0,57359.0,805.0,Good,960802.0,36,150947.0,27.51,1563779.0,755681.0,2303536.0,0,2,1
46,Postgraduate,1,Salaried,17.6,527843.0,43987.0,717.0,Good,201784.0,48,117717.0,23.45,2327416.0,495254.0,3541341.0,1,2,1
21,Graduate,1,Salaried,4.7,763219.0,63602.0,677.0,Good,801315.0,36,127646.0,20.92,248628.0,312631.0,815458.0,0,1,0
39,Graduate,2,Salaried,7.6,447087.0,37257.0,515.0,Poor,1706576.0,36,628395.0,95.0,2672549.0,364704.0,3497422.0,1,0,0
33,Graduate,2,Salaried,3.7,782553.0,65213.0,528.0,Fair,959137.0,24,246371.0,38.84,2026665.0,202364.0,2363028.0,0,0,0
28,Graduate,1,Self-Employed,7.7,793483.0,66124.0,690.0,Fair,645909.0,36,275470.0,37.97,1967412.0,793226.0,3125508.0,1,0,1
52,Graduate,2,Salaried,0.0,150000.0,12500.0,653.0,Good,108868.0,36,470365.0,95.0,3945251.0,132977.0,4348246.0,0,2,0
44,Graduate,2,Self-Employed,10.4,959479.0,79957.0,597.0,Good,1521138.0,60,0.0,3.8,1379268.0,406522.0,2207152.0,0,2,0
49,High School,1,Business,8.6,150000.0,12500.0,685.0,Good,868462.0,48,311582.0,95.0,2176492.0,620834.0,3007597.0,0,0,0
53,Graduate,3,Salaried,6.7,489827.0,40819.0,689.0,Good,109470.0,36,58688.0,12.88,1910298.0,1064723.0,3535334.0,1,2,0
65,High School,1,Salaried,5.0,916590.0,76382.0,751.0,Good,484080.0,72,235229.0,26.72,2017843.0,496745.0,2466177.0,1,1,1
57,Graduate,1,Salaried,2.5,567505.0,47292.0,690.0,Fair,325108.0,60,170987.0,31.5,4243984.0,415121.0,5098980.0,1,2,1
48,High School,2,Business,10.6,268792.0,22399.0,772.0,Fair,840715.0,84,159644.0,64.75,1870188.0,595772.0,2739704.0,1,2,1
60,High School,0,Self-Employed,1.1,365628.0,30469.0,681.0,Good,993303.0,60,349628.0,95.0,1175992.0,0.0,1222327.0,2,1,0
42,Postgraduate,3,Business,9.6,916995.0,76416.0,671.0,Fair,673552.0,12,348667.0,46.84,3857993.0,80474.0,4578880.0,0,0,1
65,Graduate,3,Salaried,17.4,150409.0,12534.0,760.0,Good,1249671.0,72,251639.0,95.0,1461542.0,368622.0,2449904.0,0,0,0
55,High School,4,Salaried,14.4,943538.0,78628.0,607.0,Good,935461.0,72,381551.0,42.42,34304.0,250461.0,119991.0,0,2,0
50,Postgraduate,1,Self-Employed,0.0,635673.0,52973.0,850.0,Good,1378041.0,60,108905.0,22.34,985072.0,0.0,1270429.0,0,2,1
61,Postgraduate,2,Salaried,4.3,339977.0,28331.0,708.0,Good,739263.0,60,449949.0,95.0,428754.0,800223.0,1620110.0,0,0,1
44,Postgraduate,2,Business,9.1,498390.0,41532.0,709.0,Good,2270397.0,48,254636.0,64.76,0.0,590915.0,929256.0,2,1,0
53,Postgraduate,3,Salaried,6.6,385522.0,32127.0,719.0,Fair,645980.0,60,193594.0,54.24,1400683.0,549093.0,2502882.0,0,2,1
33,Postgraduate,3,Salaried,0.0,875219.0,72935.0,821.0,Fair,493502.0,72,125153.0,15.43,1722762.0,257103.0,2491392.0,0,1,1
64,Graduate,4,Self-Employed,8.9,840431.0,70036.0,739.0,Good,438165.0,60,246893.0,30.63,3098581.0,527788.0,3929406.0,2,1,1
49,Postgraduate,4,Self-Employed,6.9,203018.0,16918.0,560.0,Poor,805077.0,36,711541.0,95.0,2492342.0,680057.0,3877820.0,0,3,0
56,Postgraduate,0,Self-Employed,16.6,545066.0,45422.0,785.0,Fair,126209.0,24,286071.0,53.87,2442218.0,407286.0,3286873.0,0,2,1
41,Graduate,1,Salaried,5.7,425572.0,35464.0,654.0,Good,1032553.0,36,48231.0,21.04,817469.0,655600.0,1652786.0,0,2,0
60,Postgraduate,3,Contract,12.8,986313.0,82193.0,688.0,Good,100000.0,36,502140.0,51.32,2773427.0,221379.0,3134336.0,1,2,1
24,Postgraduate,2,Business,0.7,298974.0,24914.0,584.0,Poor,972752.0,48,196176.0,75.38,3330356.0,534120.0,4363144.0,0,1,0
26,Postgraduate,2,Business,1.9,1067100.0,88925.0,719.0,Good,291937.0,72,362427.0,34.51,2234028.0,899874.0,3225311.0,0,0,1
43,Postgraduate,0,Self-Employed,10.6,641343.0,53445.0,631.0,Good,728418.0,36,166755.0,30.54,2264769.0,931207.0,3364028.0,0,2,1
53,Graduate,2,Self-Employed,12.4,347897.0,28991.0,688.0,Poor,1172043.0,48,581770.0,95.0,408838.0,964656.0,1575580.0,0,2,0
57,Graduate,3,Self-Employed,2.2,473909.0,39492.0,659.0,Fair,1936817.0,36,170033.0,52.23,2959879.0,599949.0,3880959.0,0,2,0
40,Graduate,0,Salaried,7.1,441579.0,36798.0,824.0,Fair,414900.0,60,607529.0,95.0,3758914.0,511065.0,4481287.0,0,0,1
50,Graduate,2,Salaried,0.1,318599.0,26550.0,829.0,Fair,832357.0,60,69163.0,27.98,2155248.0,342924.0,2484778.0,0,3,1
45,Postgraduate,4,Self-Employed,6.1,674655.0,56221.0,683.0,Good,574309.0,60,235561.0,36.96,1146207.0,0.0,1628623.0,2,1,0
64,Postgraduate,2,Salaried,11.2,330742.0,27562.0,685.0,Fair,508558.0,84,607999.0,95.0,1621806.0,29285.0,1820211.0,0,4,0
50,Graduate,4,Salaried,4.8,150000.0,12500.0,652.0,Fair,578262.0,84,336998.0,95.0,1337537.0,441181.0,2432705.0,2,1,0
39,Postgraduate,1,Business,5.8,551284.0,45940.0,763.0,Good,1270830.0,72,799723.0,95.0,1403505.0,462099.0,2176402.0,0,1,1
64,High School,0,Salaried,1.4,181257.0,15105.0,655.0,Good,680375.0,72,240789.0,95.0,2512781.0,994278.0,4010500.0,0,0,0
25,Postgraduate,3,Self-Employed,3.8,454438.0,37870.0,648.0,Good,1912191.0,48,356549.0,91.08,2107411.0,960180.0,3443763.0,0,2,0
65,High School,1,Self-Employed,15.8,413633.0,34469.0,753.0,Fair,1087191.0,60,719133.0,95.0,2904330.0,259730.0,3677071.0,1,1,1
27,Graduate,0,Salaried,7.4,423484.0,35290.0,640.0,Fair,445495.0,48,0.0,3.16,2207993.0,786414.0,3358475.0,0,1,0
33,High School,0,Business,2.0,1170250.0,97521.0,677.0,Fair,734983.0,72,0.0,1.26,849503.0,333026.0,1479563.0,2,0,0
57,Graduate,4,Salaried,5.4,664667.0,55389.0,561.0,Good,539169.0,36,124988.0,22.05,1249239.0,738916.0,2456802.0,0,1,1
54,Graduate,3,Business,0.0,713796.0,59483.0,733.0,Good,1260031.0,36,478942.0,74.16,1180875.0,782106.0,2710175.0,0,2,0
64,High School,1,Business,1.9,188136.0,15678.0,826.0,Good,162549.0,12,0.0,10.37,1594883.0,934732.0,2725656.0,0,1,1
54,Graduate,2,Salaried,13.8,479970.0,39998.0,734.0,Poor,296572.0,60,431351.0,91.35,3774185.0,327575.0,4510745.0,0,0,1
49,Graduate,1,Salaried,6.3,705979.0,58832.0,790.0,Good,633804.0,60,415875.0,61.06,3950390.0,855006.0,5054347.0,0,3,1
36,High School,0,Salaried,16.5,383622.0,31968.0,617.0,Fair,1207326.0,12,743166.0,95.0,2720261.0,0.0,3071473.0,2,1,0
21,Graduate,4,Salaried,6.5,886096.0,73841.0,698.0,Good,1454877.0,60,530007.0,63.75,1930640.0,953675.0,3142747.0,1,0,1
26,High School,4,Salaried,6.8,337299.0,28108.0,609.0,Good,1521244.0,48,380091.0,95.0,302183.0,491244.0,611878.0,0,0,0
34,High School,1,Contract,10.2,575545.0,47962.0,663.0,Good,1138411.0,72,599009.0,95.0,2042009.0,498695.0,2750667.0,1,0,0
22,High School,1,Salaried,0.0,497627.0,41469.0,738.0,Fair,862700.0,12,418559.0,95.0,930992.0,0.0,1380903.0,1,1,0
43,Graduate,4,Business,8.0,692723.0,57727.0,688.0,Good,1257582.0,24,198785.0,39.59,3593574.0,363967.0,4054500.0,0,1,1
55,Postgraduate,2,Salaried,6.8,483473.0,40289.0,574.0,Fair,384975.0,60,48187.0,11.88,33284.0,974418.0,1441891.0,0,0,0
64,Graduate,1,Contract,14.4,579568.0,48297.0,581.0,Good,100000.0,60,174740.0,30.56,2222933.0,350654.0,2860309.0,0,2,0
43,Postgraduate,1,Salaried,11.8,588606.0,49050.0,576.0,Good,1096487.0,72,291184.0,53.2,838337.0,749712.0,1799751.0,0,1,1
60,Graduate,2,Salaried,1.3,459059.0,38255.0,717.0,Good,447445.0,60,338504.0,76.08,1789533.0,512094.0,2732790.0,0,2,0
65,Postgraduate,2,Self-Employed,13.2,776124.0,64677.0,835.0,Good,870612.0,84,0.0,1.92,2532675.0,871934.0,3790815.0,0,2,1
59,Postgraduate,0,Salaried,5.7,711981.0,59332.0,782.0,Good,953832.0,48,251697.0,39.37,2924166.0,567025.0,3825300.0,1,1,1
41,Graduate,2,Business,2.5,626960.0,52247.0,538.0,Good,1011654.0,48,306288.0,53.69,1733241.0,173866.0,2360287.0,0,0,1
35,High School,2,Salaried,8.0,538081.0,44840.0,787.0,Good,1322006.0,84,420458.0,82.35,2637338.0,519758.0,3447716.0,0,0,1
65,High School,1,Self-Employed,6.0,857101.0,71425.0,750.0,Good,1274434.0,24,657896.0,85.68,1071283.0,1060426.0,2052776.0,0,3,1
31,Graduate,1,Self-Employed,14.7,588683.0,49057.0,564.0,Good,987750.0,72,340844.0,61.26,2070092.0,674176.0,2918644.0,0,1,0
39,Graduate,2,Self-Employed,8.7,570259.0,47522.0,657.0,Good,701093.0,12,99896.0,32.27,2902428.0,459244.0,3250792.0,0,1,1
24,High School,1,Salaried,8.0,677219.0,56435.0,762.0,Fair,948493.0,60,0.0,3.36,2165309.0,1289510.0,3836292.0,0,0,1
56,Postgraduate,4,Salaried,11.5,1091113.0,90926.0,721.0,Good,631705.0,36,451142.0,43.66,1217722.0,905725.0,2552687.0,1,0,1
50,Postgraduate,2,Salaried,12.5,301507.0,25126.0,582.0,Good,811607.0,60,108801.0,42.55,1493053.0,785857.0,2717250.0,0,2,0
24,Graduate,2,Salaried,10.9,850163.0,70847.0,726.0,Good,2078178.0,72,490704.0,62.61,2917222.0,611070.0,3876111.0,1,2,1
30,High School,1,Salaried,14.1,157775.0,13148.0,520.0,Good,981985.0,12,607432.0,95.0,598971.0,755596.0,1798152.0,0,1,0
45,High School,4,Contract,10.0,706491.0,58874.0,663.0,Good,1102610.0,36,0.0,6.24,761253.0,766956.0,1462888.0,2,1,1
45,Graduate,0,Self-Employed,7.8,1059522.0,88294.0,765.0,Good,582534.0,48,421856.0,41.47,2461748.0,0.0,2690235.0,0,0,1
57,Postgraduate,2,Self-Employed,13.2,777054.0,64754.0,681.0,Good,1359033.0,36,584377.0,82.2,1316942.0,638228.0,1922187.0,0,3,0
32,Graduate,0,Salaried,6.5,694363.0,57864.0,643.0,Fair,1242123.0,48,524189.0,80.86,201636.0,443718.0,823688.0,0,1,1
62,High School,3,Salaried,7.2,504283.0,42024.0,747.0,Fair,1245309.0,84,0.0,4.23,3285901.0,325078.0,4184229.0,0,1,1
41,Graduate,1,Self-Employed,15.6,658072.0,54839.0,753.0,Good,996701.0,24,112197.0,26.14,590440.0,431597.0,1490684.0,0,0,1
58,High School,1,Salaried,15.1,584464.0,48705.0,778.0,Good,1365386.0,48,18360.0,10.15,1580627.0,0.0,1963084.0,1,0,1
31,Graduate,0,Salaried,7.0,445646.0,37137.0,746.0,Good,1472258.0,48,415164.0,95.0,1118527.0,0.0,1332203.0,0,1,0
22,Graduate,3,Salaried,4.7,574632.0,47886.0,761.0,Good,1027395.0,36,390932.0,75.18,1472548.0,936276.0,2460105.0,1,1,0
23,Graduate,1,Self-Employed,14.3,701579.0,58465.0,735.0,Poor,848424.0,36,0.0,4.84,826919.0,661755.0,1776080.0,0,0,1
37,Graduate,1,Contract,11.0,450524.0,37544.0,700.0,Good,1302557.0,60,233817.0,58.84,2585707.0,0.0,3057842.0,0,1,1
63,Postgraduate,4,Salaried,8.6,440367.0,36697.0,687.0,Good,493144.0,60,476158.0,95.0,1921906.0,298265.0,2552145.0,0,0,1
23,High School,0,Self-Employed,5.4,296337.0,24695.0,662.0,Fair,576918.0,72,332555.0,95.0,2882019.0,808193.0,3623074.0,0,1,0
37,Postgraduate,2,Salaried,8.7,751589.0,62632.0,589.0,Poor,876015.0,48,332179.0,47.69,1129915.0,401995.0,1802832.0,0,2,0
25,High School,0,Salaried,6.9,791784.0,65982.0,608.0,Good,116389.0,60,219701.0,28.1,4146324.0,935752.0,4949410.0,1,2,0
62,Graduate,0,Business,3.7,710232.0,59186.0,659.0,Fair,1272418.0,72,67033.0,13.02,0.0,867413.0,1278250.0,2,2,0
51,Postgraduate,0,Salaried,7.6,900944.0,75079.0,698.0,Fair,466689.0,72,296248.0,33.92,56352.0,25151.0,192901.0,0,1,1
55,Graduate,0,Self-Employed,8.3,672846.0,56070.0,788.0,Fair,687829.0,84,311461.0,48.04,3728393.0,449837.0,4183606.0,1,1,1
53,High School,4,Salaried,5.1,751923.0,62660.0,677.0,Good,804024.0,36,435356.0,62.18,2321446.0,343169.0,3078201.0,0,1,0
50,Graduate,2,Salaried,11.5,728998.0,60750.0,755.0,Fair,917679.0,84,453230.0,64.33,2175525.0,13767.0,2551168.0,0,0,1
55,Graduate,4,Contract,13.4,626200.0,52183.0,761.0,Good,745356.0,72,318890.0,53.31,2274403.0,0.0,2570883.0,0,3,1
21,Postgraduate,1,Salaried,11.8,511986.0,42666.0,663.0,Good,869683.0,72,540880.0,95.0,2428328.0,217892.0,3334562.0,0,1,0
59,Graduate,3,Business,5.6,1225680.0,102140.0,725.0,Good,873168.0,60,217517.0,19.46,2129744.0,275676.0,2782420.0,0,1,1
54,High School,0,Salaried,10.8,532493.0,44374.0,662.0,Good,698836.0,84,0.0,2.25,737505.0,599130.0,1457644.0,0,0,1
54,Graduate,0,Contract,7.4,476872.0,39739.0,779.0,Good,552062.0,48,404952.0,88.39,2700010.0,865475.0,3919326.0,1,1,1
38,High School,0,Salaried,0.8,762843.0,63570.0,728.0,Good,1386663.0,60,327804.0,47.33,2526746.0,679776.0,3399307.0,1,1,1
57,High School,4,Salaried,10.4,715482.0,59624.0,591.0,Good,100000.0,60,409325.0,57.55,3371274.0,762630.0,4637256.0,0,2,1
38,Graduate,3,Business,7.7,284754.0,23730.0,692.0,Poor,807428.0,60,21821.0,14.47,3740665.0,406684.0,4453544.0,0,2,0
23,Postgraduate,3,Salaried,20.0,941896.0,78491.0,804.0,Good,688995.0,60,693975.0,75.43,2163524.0,711050.0,3200559.0,0,4,1
61,High School,4,Salaried,14.3,625509.0,52126.0,666.0,Good,1088456.0,36,456311.0,79.91,449696.0,448069.0,859291.0,0,2,1
31,Postgraduate,1,Contract,10.6,361158.0,30096.0,714.0,Fair,245568.0,48,236641.0,67.56,3749775.0,345485.0,4357530.0,1,2,0
25,Graduate,3,Self-Employed,8.2,959084.0,79924.0,721.0,Good,675097.0,48,94200.0,11.93,680035.0,1163985.0,2082767.0,1,2,1
48,Postgraduate,2,Self-Employed,7.8,812676.0,67723.0,602.0,Fair,853938.0,60,536974.0,68.6,2171761.0,0.0,2216918.0,0,0,0
31,High School,2,Self-Employed,2.0,321219.0,26768.0,718.0,Good,1381533.0,60,57611.0,28.26,1517593.0,0.0,1723293.0,0,1,1
59,Graduate,3,Business,0.0,1112068.0,92672.0,575.0,Good,1049483.0,72,797500.0,73.6,1326312.0,633945.0,2297407.0,1,1,0
40,High School,2,Business,2.6,821287.0,68441.0,633.0,Good,367430.0,72,165095.0,21.0,2640730.0,407256.0,3297116.0,0,0,1
21,High School,0,Self-Employed,6.8,647349.0,53946.0,761.0,Good,680635.0,60,678511.0,95.0,2068906.0,0.0,2036486.0,0,0,1
63,Graduate,0,Salaried,0.0,1063457.0,88621.0,707.0,Good,1298723.0,36,259416.0,29.28,2364566.0,130886.0,2690809.0,0,0,1
44,Graduate,2,Salaried,4.3,691417.0,57618.0,657.0,Good,359651.0,60,647764.0,94.93,902745.0,176458.0,1235598.0,0,1,0
32,High School,2,Self-Employed,5.8,642698.0,53558.0,713.0,Good,864610.0,72,138329.0,24.21,1608518.0,812318.0,2709539.0,1,0,1
51,High School,3,Business,5.9,478322.0,39860.0,675.0,Good,895896.0,60,304144.0,68.08,953512.0,924344.0,2144963.0,1,2,0
44,Postgraduate,2,Salaried,3.7,801281.0,66773.0,681.0,Fair,726398.0,72,477045.0,61.35,1581021.0,1073847.0,2822545.0,2,1,0
22,Postgraduate,0,Salaried,5.3,773917.0,64493.0,729.0,Good,2113088.0,84,445657.0,62.27,1669362.0,0.0,1829229.0,2,5,0
55,Graduate,1,Salaried,15.6,653817.0,54485.0,625.0,Fair,714271.0,48,542168.0,86.2,3828735.0,21507.0,4113687.0,0,2,0
39,Postgraduate,2,Self-Employed,10.3,444604.0,37050.0,683.0,Fair,1102394.0,60,192756.0,49.31,1514673.0,0.0,1957268.0,0,3,0
52,High School,4,Business,4.2,683782.0,56982.0,657.0,Good,555164.0,60,318658.0,48.55,0.0,951100.0,1256828.0,0,1,1
61,Graduate,2,Salaried,6.7,631852.0,52654.0,561.0,Poor,1137487.0,48,574645.0,95.0,3334601.0,646029.0,4515244.0,0,1,0
48,Postgraduate,3,Self-Employed,6.9,303297.0,25275.0,611.0,Fair,1291854.0,36,144844.0,64.79,2294185.0,528070.0,3298893.0,0,1,0
51,Graduate,3,Business,3.2,267329.0,22277.0,798.0,Good,635416.0,36,425959.0,95.0,1655889.0,580370.0,2785595.0,0,1,1
32,High School,1,Contract,3.2,796940.0,66412.0,709.0,Good,875384.0,36,251785.0,35.99,1319063.0,480128.0,2322917.0,0,2,1
31,Graduate,4,Salaried,12.1,150000.0,12500.0,581.0,Good,497124.0,60,345292.0,95.0,758382.0,107600.0,1428572.0,0,2,0
39,Graduate,3,Contract,4.9,703407.0,58617.0,564.0,Poor,385018.0,36,318601.0,47.48,3931853.0,679610.0,4630834.0,0,1,0
59,Graduate,4,Self-Employed,1.5,525698.0,43808.0,672.0,Good,1366558.0,48,126578.0,31.88,1857029.0,434852.0,2671366.0,1,0,0
44,Graduate,3,Business,6.8,990144.0,82512.0,797.0,Good,650700.0,60,242647.0,26.08,0.0,79887.0,573551.0,0,1,1
36,Graduate,3,Salaried,7.6,521698.0,43475.0,666.0,Poor,100000.0,48,331885.0,64.19,2160514.0,701000.0,3391319.0,0,2,0
56,Graduate,0,Self-Employed,0.0,821466.0,68456.0,778.0,Good,1694410.0,72,277401.0,37.89,3126789.0,350974.0,3573619.0,1,3,1
59,Graduate,2,Self-Employed,6.8,546802.0,45567.0,706.0,Good,539057.0,48,646002.0,95.0,1972078.0,579619.0,2933173.0,0,0,1
61,High School,0,Salaried,11.3,679575.0,56631.0,715.0,Good,789132.0,24,522190.0,83.81,808247.0,456257.0,1529545.0,0,3,1
34,Postgraduate,3,Salaried,9.3,841577.0,70131.0,580.0,Fair,1638408.0,84,363796.0,46.57,709818.0,811983.0,2141213.0,0,1,0
52,Graduate,3,Self-Employed,18.1,529736.0,44145.0,750.0,Good,836216.0,72,132108.0,28.1,790949.0,577057.0,1340548.0,1,2,1
47,Graduate,2,Self-Employed,13.3,909104.0,75759.0,655.0,Good,826499.0,60,118715.0,15.24,3473824.0,190705.0,3760671.0,0,0,1
41,Graduate,1,Salaried,14.2,391639.0,32637.0,745.0,Good,347322.0,60,734238.0,95.0,1721170.0,612701.0,2221744.0,0,0,0
38,High School,0,Salaried,21.0,726594.0,60550.0,619.0,Good,164325.0,36,77825.0,11.62,0.0,624141.0,903064.0,1,0,1
26,Graduate,3,Salaried,10.8,889886.0,74157.0,693.0,Poor,825126.0,72,325049.0,38.38,2222547.0,678967.0,3604282.0,1,0,1
33,Graduate,3,Contract,7.8,821610.0,68468.0,706.0,Good,1063264.0,36,379409.0,51.36,1955140.0,862556.0,3058828.0,0,0,1
45,Graduate,2,Contract,11.9,1148276.0,95690.0,668.0,Good,1037486.0,60,231509.0,22.33,1306215.0,284406.0,1860828.0,0,1,1
60,Graduate,3,Salaried,4.2,451506.0,37626.0,710.0,Fair,683433.0,36,79515.0,23.67,677553.0,733777.0,1771378.0,1,1,1
59,Postgraduate,3,Salaried,7.5,291421.0,24285.0,660.0,Good,909116.0,60,127323.0,51.18,629716.0,0.0,856458.0,0,0,0
29,Graduate,2,Salaried,3.8,391473.0,32623.0,631.0,Good,100000.0,36,179769.0,46.94,2995297.0,458005.0,3776507.0,0,1,0
51,Graduate,0,Salaried,9.0,821715.0,68476.0,800.0,Poor,1107075.0,36,143912.0,22.9,2072264.0,403869.0,2804575.0,0,0,1
24,Graduate,4,Business,3.7,779460.0,64955.0,759.0,Fair,972633.0,24,592098.0,83.45,2326508.0,1006746.0,3414143.0,0,2,1
51,Graduate,2,Self-Employed,3.6,676587.0,56382.0,623.0,Good,1788147.0,60,297992.0,50.39,2069235.0,445283.0,2745709.0,1,1,0
36,High School,3,Salaried,9.1,358031.0,29836.0,723.0,Good,903366.0,36,184764.0,61.7,2160458.0,712796.0,3271641.0,0,0,0
41,Postgraduate,4,Salaried,6.3,849385.0,70782.0,624.0,Good,475799.0,60,323531.0,39.43,1284766.0,0.0,1720481.0,0,0,1
53,Postgraduate,1,Salaried,0.0,331577.0,27631.0,591.0,Good,877175.0,48,446950.0,95.0,1573588.0,376885.0,2460173.0,0,2,0
40,Postgraduate,3,Business,0.0,951327.0,79277.0,758.0,Good,752490.0,72,224184.0,25.15,3081403.0,203774.0,3602264.0,1,2,0
57,High School,0,Self-Employed,1.3,1392934.0,116078.0,552.0,Good,1095619.0,36,498436.0,38.93,3356049.0,1366429.0,5043635.0,1,1,0
45,High School,4,Self-Employed,2.6,745277.0,62106.0,750.0,Good,912101.0,84,20348.0,4.83,455699.0,266621.0,1122357.0,0,2,1
65,Graduate,0,Salaried,9.1,801608.0,66801.0,661.0,Good,333024.0,48,557687.0,70.82,1570915.0,525648.0,2227609.0,0,1,0
49,Postgraduate,2,Contract,8.1,521856.0,43488.0,664.0,Poor,163916.0,24,298030.0,58.99,2723214.0,544302.0,3390360.0,0,0,0
34,High School,1,Salaried,12.3,179345.0,14945.0,711.0,Poor,1018309.0,36,289437.0,95.0,3870288.0,0.0,4095328.0,0,1,1
55,High School,0,Business,10.8,493293.0,41108.0,724.0,Fair,1522402.0,24,147537.0,48.43,3760156.0,315888.0,4071040.0,0,0,0
39,High School,2,Business,12.4,365847.0,30487.0,618.0,Good,935707.0,48,29873.0,15.84,924666.0,641668.0,1897714.0,1,0,0
45,Postgraduate,4,Self-Employed,10.0,273779.0,22815.0,734.0,Good,1265984.0,36,0.0,18.5,3202551.0,530003.0,4192370.0,0,1,1
27,Postgraduate,0,Business,8.0,1097814.0,91484.0,689.0,Good,1355764.0,72,132189.0,14.51,1864500.0,0.0,1972491.0,0,2,1
26,Graduate,1,Salaried,12.5,720944.0,60079.0,586.0,Good,1020056.0,60,429288.0,62.94,2948858.0,301553.0,3587441.0,0,0,0
46,High School,0,Self-Employed,11.6,748719.0,62393.0,667.0,Fair,533479.0,36,88519.0,14.67,2667107.0,857288.0,3648569.0,0,1,1
29,Graduate,0,Salaried,8.9,569654.0,47471.0,784.0,Fair,987889.0,48,0.0,5.2,409640.0,705878.0,1162203.0,0,3,1
65,Graduate,1,Salaried,13.4,605054.0,50421.0,806.0,Good,1443183.0,36,100006.0,26.07,2404971.0,926312.0,3992395.0,0,1,1
59,High School,2,Salaried,0.0,900783.0,75065.0,734.0,Good,1138451.0,36,215337.0,28.96,2906266.0,155023.0,3110842.0,0,0,1
52,Graduate,3,Salaried,5.5,641592.0,53466.0,591.0,Good,1236710.0,48,223990.0,40.69,1777829.0,948325.0,2720290.0,0,3,0
54,Graduate,3,Salaried,5.5,787980.0,65665.0,717.0,Fair,691854.0,24,271644.0,39.74,1529052.0,484458.0,2306453.0,1,2,0
47,Graduate,3,Salaried,12.8,599039.0,49920.0,744.0,Good,808941.0,36,527173.0,93.4,71170.0,1057278.0,1432152.0,1,1,1
23,Postgraduate,3,Self-Employed,14.9,561040.0,46753.0,734.0,Good,846573.0,84,574836.0,95.0,2551979.0,501157.0,3436582.0,2,1,0
38,Graduate,1,Salaried,0.0,284202.0,23684.0,739.0,Good,876898.0,60,741202.0,95.0,2029623.0,0.0,2679869.0,0,0,0
43,Graduate,4,Salaried,14.1,150000.0,12500.0,707.0,Fair,1425581.0,84,0.0,16.29,785598.0,797239.0,1677411.0,0,1,0
62,Graduate,0,Contract,1.1,581994.0,48500.0,675.0,Good,100000.0,36,111706.0,19.88,1441576.0,344770.0,1920659.0,0,0,1
30,Graduate,3,Contract,1.3,664689.0,55391.0,634.0,Good,913742.0,72,453667.0,71.0,1969954.0,368320.0,2910035.0,0,0,0
43,High School,0,Salaried,5.8,315606.0,26300.0,538.0,Fair,864227.0,48,200113.0,71.62,1185501.0,0.0,1623326.0,0,1,0
36,Graduate,3,Salaried,5.4,641037.0,53420.0,705.0,Poor,282824.0,36,489373.0,78.11,1802945.0,1067770.0,3280731.0,1,2,0
27,High School,0,Self-Employed,0.0,663976.0,55331.0,694.0,Good,1202295.0,72,345565.0,55.67,0.0,317615.0,449641.0,1,1,0
25,Graduate,1,Business,10.2,150000.0,12500.0,722.0,Fair,573975.0,24,647425.0,95.0,3284364.0,1051263.0,4810805.0,0,6,0
37,Graduate,1,Salaried,10.4,412068.0,34339.0,580.0,Good,739335.0,48,529398.0,95.0,1817500.0,349065.0,2577202.0,0,1,0
24,Graduate,3,Business,12.3,755889.0,62991.0,728.0,Fair,1731952.0,72,533424.0,75.15,590711.0,175289.0,1053907.0,0,0,0
24,Graduate,0,Salaried,4.8,750635.0,62553.0,834.0,Good,1354488.0,60,209388.0,32.23,0.0,961835.0,1094849.0,0,1,1
36,High School,1,Salaried,6.8,350045.0,29170.0,686.0,Fair,1158519.0,60,278559.0,87.52,2932048.0,474333.0,3677720.0,0,1,0
30,Graduate,1,Business,6.8,691196.0,57600.0,675.0,Fair,1071350.0,48,232844.0,38.34,2413901.0,477750.0,3471348.0,0,2,1
45,Graduate,3,Self-Employed,15.4,915826.0,76319.0,703.0,Good,825894.0,24,0.0,5.41,2031754.0,51431.0,2114391.0,0,1,1
21,Postgraduate,4,Business,0.0,852039.0,71003.0,832.0,Good,1799720.0,84,623789.0,76.83,2750013.0,339832.0,3179885.0,1,2,1
34,Graduate,3,Salaried,2.2,625226.0,52102.0,603.0,Fair,1260975.0,36,463985.0,82.28,2746988.0,650044.0,3521472.0,1,0,0
41,Postgraduate,2,Salaried,7.0,528326.0,44027.0,695.0,Good,562703.0,36,224094.0,46.68,2013882.0,45287.0,2227005.0,0,1,1
64,Graduate,1,Salaried,1.6,486370.0,40531.0,620.0,Fair,269954.0,36,587010.0,95.0,1520364.0,311319.0,2078536.0,0,1,0
49,Postgraduate,4,Salaried,5.7,771633.0,64303.0,639.0,Good,1155077.0,72,161319.0,23.9,1341144.0,352844.0,2135702.0,1,2,1
60,High School,0,Salaried,6.4,700727.0,58394.0,676.0,Good,874859.0,72,0.0,2.5,2263036.0,523254.0,3128573.0,0,0,1
36,Graduate,0,Self-Employed,3.7,813645.0,67804.0,781.0,Fair,256978.0,48,521621.0,65.06,3336735.0,1017846.0,4616749.0,2,1,1
41,High School,1,Self-Employed,7.3,684287.0,57024.0,815.0,Good,1092864.0,84,18717.0,5.47,1686807.0,395016.0,2387222.0,1,0,1
39,High School,1,Self-Employed,10.1,862879.0,71907.0,714.0,Fair,778938.0,24,256929.0,35.19,3424125.0,258325.0,4057248.0,1,1,1
60,Postgraduate,2,Salaried,5.8,674594.0,56216.0,652.0,Good,1138799.0,72,345347.0,54.57,2210468.0,1461230.0,3585357.0,1,1,1
64,Graduate,4,Salaried,4.7,854019.0,71168.0,850.0,Good,1098783.0,24,384802.0,52.78,2218760.0,348385.0,3031462.0,0,1,1
64,Graduate,3,Self-Employed,6.2,876414.0,73034.0,648.0,Good,626281.0,48,486648.0,57.67,4445620.0,433270.0,4963607.0,0,1,0
54,Graduate,1,Salaried,7.0,440823.0,36735.0,637.0,Good,1184780.0,24,427787.0,95.0,3617946.0,374754.0,4153998.0,1,2,0
43,Graduate,1,Business,0.0,179883.0,14990.0,547.0,Fair,675943.0,84,420976.0,95.0,3646470.0,403131.0,4367688.0,1,1,0
45,Graduate,3,Salaried,9.3,1051308.0,87609.0,785.0,Good,705203.0,72,126035.0,13.33,922625.0,527214.0,1684758.0,0,3,1
65,Postgraduate,1,Self-Employed,4.7,716731.0,59728.0,753.0,Good,660478.0,60,364734.0,53.1,4211401.0,822279.0,5381066.0,0,1,1
33,Graduate,4,Business,13.3,204234.0,17020.0,850.0,Poor,1408938.0,36,0.0,27.59,1709562.0,641396.0,2629324.0,0,1,1
36,Graduate,2,Self-Employed,10.0,464407.0,38701.0,576.0,Good,773742.0,36,643670.0,95.0,1549760.0,876983.0,2618877.0,0,0,0
61,Graduate,2,Self-Employed,12.9,850687.0,70891.0,789.0,Good,1517599.0,48,0.0,5.35,0.0,865410.0,1421162.0,1,1,1
38,Postgraduate,4,Self-Employed,1.9,577284.0,48107.0,685.0,Fair,1702568.0,48,223783.0,47.61,2158920.0,572993.0,3123526.0,0,1,1
31,High School,1,Salaried,5.1,516864.0,43072.0,740.0,Fair,567576.0,12,9848.0,15.08,608311.0,631709.0,1550443.0,0,0,1
46,Graduate,2,Self-Employed,0.8,1014229.0,84519.0,556.0,Good,100000.0,60,139363.0,13.98,2249079.0,888058.0,3525641.0,1,3,0
35,Postgraduate,2,Business,3.5,377705.0,31475.0,790.0,Poor,1370029.0,60,302954.0,88.91,522278.0,111077.0,742289.0,1,0,1
61,High School,1,Contract,13.3,442480.0,36873.0,739.0,Good,746113.0,72,183673.0,44.88,3777470.0,1374374.0,5836798.0,1,0,1
61,High School,0,Salaried,14.4,704960.0,58747.0,677.0,Good,510216.0,48,551734.0,80.44,2406731.0,320595.0,2759799.0,1,1,1
34,Graduate,1,Salaried,1.3,751518.0,62626.0,728.0,Good,635077.0,48,349918.0,49.1,4307859.0,377162.0,4957655.0,1,1,0
44,Graduate,0,Business,4.7,779049.0,64921.0,623.0,Poor,713334.0,60,198160.0,27.63,674674.0,75835.0,943224.0,1,3,0
65,Postgraduate,3,Self-Employed,6.6,886922.0,73910.0,637.0,Good,1483737.0,36,270612.0,37.2,3504097.0,86247.0,3775461.0,0,0,1
54,Postgraduate,0,Salaried,9.9,701630.0,58469.0,645.0,Fair,971960.0,60,568334.0,84.33,0.0,840912.0,1000061.0,0,1,1
30,Graduate,1,Salaried,0.0,777240.0,64770.0,541.0,Good,1477619.0,72,499952.0,68.13,2028883.0,1294568.0,3419109.0,0,1,0
47,Postgraduate,4,Salaried,0.0,582606.0,48550.0,745.0,Good,1122399.0,36,49470.0,16.2,1105215.0,301466.0,1894349.0,0,0,1
48,Graduate,2,Salaried,9.4,666302.0,55525.0,769.0,Fair,760846.0,48,150257.0,25.98,1307248.0,621561.0,1937868.0,0,1,1
50,Postgraduate,3,Salaried,0.0,677959.0,56497.0,627.0,Poor,724339.0,72,404454.0,61.79,1231854.0,577058.0,2255625.0,0,0,0
22,High School,3,Salaried,4.8,705926.0,58827.0,706.0,Good,1152724.0,60,377741.0,57.43,793812.0,850086.0,2023606.0,0,1,0
34,Graduate,1,Salaried,7.8,850860.0,70905.0,660.0,Good,1269192.0,60,68916.0,11.68,414343.0,1276550.0,1864715.0,0,1,1
59,High School,3,Contract,9.1,794338.0,66195.0,705.0,Fair,1348557.0,60,464808.0,62.59,1313331.0,1032341.0,2702193.0,1,2,1
31,High School,1,Salaried,6.3,661496.0,55125.0,633.0,Good,782308.0,60,104008.0,18.56,1927631.0,416469.0,2562520.0,0,0,1
34,Graduate,3,Salaried,5.2,439627.0,36636.0,614.0,Good,978843.0,24,586842.0,95.0,3080064.0,685069.0,3794932.0,0,1,1
35,High School,3,Salaried,11.2,667595.0,55633.0,759.0,Good,1162818.0,72,416479.0,65.87,2124885.0,719820.0,2876618.0,1,1,1
28,Graduate,4,Salaried,8.4,642715.0,53560.0,675.0,Poor,727216.0,84,50977.0,9.87,3083194.0,492968.0,3957250.0,0,1,1
27,Graduate,4,Contract,3.8,700227.0,58352.0,832.0,Good,389277.0,24,183603.0,29.56,174005.0,116422.0,661141.0,2,1,1
36,High School,0,Contract,7.2,1223697.0,101975.0,683.0,Good,537178.0,36,179779.0,16.45,1323734.0,220428.0,1842564.0,2,1,1
60,Graduate,1,Salaried,8.9,513819.0,42818.0,611.0,Good,791534.0,60,335173.0,68.93,2582105.0,901853.0,3655655.0,0,1,0
21,Graduate,2,Salaried,15.6,759795.0,63316.0,772.0,Good,1197993.0,60,255125.0,37.36,2177510.0,937958.0,3327382.0,0,3,1
33,Postgraduate,1,Salaried,10.9,927800.0,77317.0,727.0,Good,1466540.0,48,47992.0,9.91,852707.0,427351.0,1464947.0,1,1,1
23,Graduate,3,Salaried,13.1,675480.0,56290.0,735.0,Good,289779.0,60,0.0,1.03,2827476.0,591369.0,3319456.0,0,0,1
46,Postgraduate,4,Salaried,3.9,1257840.0,104820.0,769.0,Good,631195.0,60,420785.0,34.66,1215599.0,919042.0,2396892.0,1,2,1
32,Postgraduate,1,Salaried,4.4,551710.0,45976.0,631.0,Good,738962.0,60,362972.0,69.0,944900.0,0.0,1299391.0,0,0,0
56,Graduate,4,Salaried,5.8,734263.0,61189.0,670.0,Good,1257623.0,36,323218.0,50.87,2335643.0,343777.0,2942942.0,2,0,0
47,Graduate,4,Self-Employed,6.3,442311.0,36859.0,667.0,Fair,662350.0,24,359561.0,90.28,1806786.0,1206255.0,3616871.0,1,0,0
56,Graduate,4,Salaried,2.0,558604.0,46550.0,583.0,Good,706620.0,48,163838.0,33.12,1224796.0,604758.0,1878642.0,1,0,0
49,Postgraduate,0,Salaried,13.3,714723.0,59560.0,660.0,Good,264603.0,84,340478.0,48.27,1187445.0,104774.0,1409998.0,2,1,0
40,Graduate,1,Self-Employed,11.4,870039.0,72503.0,780.0,Good,1117533.0,60,858471.0,95.0,623224.0,541049.0,1440877.0,1,2,1
59,Postgraduate,0,Salaried,5.5,732965.0,61080.0,698.0,Good,827370.0,48,558405.0,79.57,1364677.0,857502.0,2520932.0,0,1,1
42,Postgraduate,0,Salaried,10.2,977370.0,81448.0,579.0,Fair,605680.0,72,236550.0,25.44,3010010.0,0.0,2879768.0,0,0,0
63,Graduate,0,Salaried,8.1,625309.0,52109.0,563.0,Fair,783219.0,48,184858.0,33.32,2069006.0,561700.0,3001246.0,0,2,0
65,Graduate,2,Salaried,10.6,563636.0,46970.0,805.0,Fair,1407148.0,60,0.0,5.99,2854453.0,369655.0,3523771.0,1,1,1
47,Graduate,0,Salaried,0.3,1353036.0,112753.0,673.0,Good,447801.0,24,535113.0,41.53,2367675.0,0.0,2193796.0,0,0,1
51,Postgraduate,1,Business,6.3,752502.0,62708.0,631.0,Poor,521253.0,60,473053.0,64.53,1126529.0,528675.0,1881862.0,0,1,0
32,Postgraduate,4,Contract,6.7,462935.0,38578.0,659.0,Good,1463514.0,60,180358.0,46.55,0.0,452232.0,540524.0,0,0,0
57,High School,4,Salaried,10.1,469491.0,39124.0,569.0,Good,934099.0,72,0.0,3.98,780460.0,491568.0,1431363.0,0,0,0
51,High School,4,Salaried,3.9,404903.0,33742.0,787.0,Good,1201389.0,48,45841.0,20.22,1061641.0,378109.0,1422130.0,2,1,1
61,Graduate,0,Business,0.0,893508.0,74459.0,651.0,Good,1080788.0,48,397768.0,48.15,976559.0,142532.0,1452329.0,1,1,1
33,Postgraduate,3,Self-Employed,1.6,555262.0,46272.0,783.0,Good,884099.0,36,280345.0,56.86,2879122.0,0.0,3481477.0,0,1,1
56,Graduate,3,Salaried,6.7,683114.0,56926.0,684.0,Good,743265.0,84,452150.0,68.05,2867647.0,258259.0,3428911.0,0,2,1
42,Postgraduate,0,Salaried,7.3,633488.0,52791.0,787.0,Fair,1274201.0,24,319017.0,62.43,4233068.0,800738.0,4851929.0,1,1,1
29,Graduate,4,Salaried,15.4,840188.0,70016.0,699.0,Fair,1423051.0,60,512687.0,65.09,959907.0,581575.0,1848601.0,0,3,0
28,Graduate,2,Self-Employed,9.9,429847.0,35821.0,744.0,Good,1387885.0,60,381307.0,95.0,3557193.0,475789.0,4244054.0,0,1,0
46,Postgraduate,4,Salaried,7.4,370351.0,30863.0,734.0,Good,366538.0,36,482335.0,95.0,3550394.0,136081.0,3716272.0,0,0,1
35,Graduate,0,Salaried,6.8,708317.0,59026.0,727.0,Good,1487210.0,48,0.0,6.3,1544510.0,369130.0,2234365.0,0,0,1
25,Graduate,3,Salaried,12.5,806249.0,67187.0,706.0,Fair,738929.0,24,28444.0,9.03,2320911.0,758005.0,3504869.0,0,1,1
40,High School,0,Salaried,4.0,736458.0,61372.0,663.0,Good,560237.0,60,219843.0,31.68,3164807.0,676674.0,3957782.0,1,1,1
50,High School,4,Salaried,6.3,439542.0,36628.0,824.0,Good,823803.0,84,537505.0,95.0,1735183.0,332980.0,1989416.0,0,2,1
35,High School,3,Self-Employed,1.6,826146.0,68846.0,612.0,Good,1274008.0,48,713717.0,91.02,1649969.0,0.0,1497635.0,0,2,0
63,Graduate,0,Self-Employed,14.1,456596.0,38050.0,680.0,Good,1143209.0,84,263868.0,62.08,1109929.0,263803.0,1490595.0,0,2,0
56,Graduate,1,Salaried,9.0,514400.0,42867.0,681.0,Good,785076.0,36,165452.0,38.27,0.0,331057.0,549956.0,1,2,0
44,Graduate,1,Salaried,3.5,404572.0,33714.0,710.0,Fair,1276950.0,48,0.0,9.47,1877519.0,182513.0,2206831.0,0,2,1
63,High School,0,Business,6.4,988301.0,82358.0,648.0,Fair,962937.0,72,489984.0,51.53,1019144.0,355388.0,1487876.0,2,1,1
40,Graduate,0,Salaried,9.5,814690.0,67891.0,704.0,Poor,642163.0,72,178958.0,23.54,617117.0,785793.0,1766490.0,0,0,0
27,Graduate,4,Salaried,5.7,807298.0,67275.0,667.0,Good,581384.0,48,950834.0,95.0,2264411.0,486946.0,3093922.0,1,3,0
22,Postgraduate,4,Salaried,4.3,974275.0,81190.0,561.0,Good,1084606.0,60,137331.0,16.77,203557.0,846394.0,1339870.0,1,4,0
63,Graduate,2,Business,3.7,1381289.0,115107.0,681.0,Fair,862867.0,72,763161.0,56.5,2686688.0,0.0,3099986.0,1,2,0
64,High School,4,Business,8.7,205601.0,17133.0,597.0,Good,281023.0,72,464641.0,95.0,2331959.0,393228.0,2843926.0,0,0,0
54,Graduate,3,Business,5.2,458022.0,38168.0,550.0,Good,1281223.0,60,73782.0,22.82,1359787.0,0.0,1390875.0,1,1,0
25,Postgraduate,0,Self-Employed,4.7,489794.0,40816.0,690.0,Fair,683876.0,36,351072.0,77.26,1730359.0,350698.0,2226590.0,0,1,0
34,Postgraduate,3,Salaried,0.3,428787.0,35732.0,717.0,Good,1616454.0,24,469704.0,95.0,490757.0,134020.0,756516.0,0,2,0
22,Postgraduate,0,Salaried,7.4,369828.0,30819.0,720.0,Good,268655.0,60,250445.0,69.46,2625372.0,948438.0,3413552.0,1,0,0
23,Postgraduate,4,Salaried,6.1,572090.0,47674.0,723.0,Good,818681.0,60,484356.0,88.1,2006101.0,643399.0,2790386.0,0,1,1
32,Graduate,1,Self-Employed,5.4,333683.0,27807.0,535.0,Good,585010.0,36,479511.0,95.0,2088035.0,855190.0,3414195.0,0,2,0
46,Postgraduate,0,Self-Employed,8.0,737111.0,61426.0,578.0,Good,461060.0,36,431194.0,61.0,2352079.0,349728.0,3111978.0,0,1,0
23,High School,1,Salaried,10.7,663442.0,55287.0,828.0,Good,680944.0,48,296376.0,47.75,1093343.0,143099.0,1591479.0,1,0,1
65,Postgraduate,3,Business,10.5,775067.0,64589.0,601.0,Good,1696755.0,60,41513.0,10.61,129036.0,131953.0,537313.0,0,1,1
41,Postgraduate,4,Salaried,9.8,782009.0,65167.0,726.0,Fair,964517.0,48,283107.0,39.9,2853050.0,592904.0,3985734.0,0,0,1
32,Postgraduate,2,Salaried,5.8,806782.0,67232.0,628.0,Fair,543731.0,48,338734.0,44.01,2557590.0,1133557.0,3729113.0,0,4,0
44,Graduate,0,Salaried,4.2,552914.0,46076.0,686.0,Poor,100000.0,24,0.0,1.09,1211105.0,644334.0,1912474.0,0,2,1
56,Postgraduate,4,Business,1.8,1201497.0,100125.0,633.0,Fair,125387.0,72,337232.0,28.28,2250021.0,368831.0,3093711.0,0,0,0
35,High School,3,Contract,4.0,710952.0,59246.0,722.0,Good,658592.0,60,278704.0,41.42,3183771.0,433930.0,3873222.0,1,1,1
23,Graduate,2,Self-Employed,7.1,165754.0,13813.0,690.0,Good,614840.0,36,14742.0,23.73,3052571.0,489045.0,3657380.0,1,0,0
23,Graduate,2,Contract,3.1,389382.0,32448.0,646.0,Good,799177.0,48,226739.0,64.39,1178985.0,1209325.0,2748695.0,1,1,1
59,Graduate,4,Business,7.5,197469.0,16456.0,601.0,Good,100000.0,48,231394.0,95.0,162363.0,931763.0,1256433.0,0,0,0
26,Graduate,1,Business,2.2,654507.0,54542.0,700.0,Fair,858743.0,60,724621.0,95.0,351063.0,590986.0,1024544.0,0,1,0
49,Graduate,0,Business,0.0,618331.0,51528.0,589.0,Good,1362478.0,60,348426.0,61.64,1457101.0,538406.0,2072437.0,0,1,0
38,High School,0,Salaried,11.1,528209.0,44017.0,712.0,Poor,1630279.0,60,527930.0,95.0,3408549.0,604774.0,4327633.0,0,1,1
55,Graduate,3,Business,4.6,1172841.0,97737.0,850.0,Good,100000.0,60,274081.0,23.57,998710.0,672996.0,1962869.0,0,1,1
23,Graduate,4,Self-Employed,2.8,792736.0,66061.0,781.0,Good,539373.0,24,0.0,4.08,1144039.0,355381.0,2052769.0,2,2,1
61,Graduate,3,Business,1.5,838786.0,69899.0,734.0,Fair,515595.0,48,447915.0,55.24,1121398.0,204572.0,1517952.0,1,1,1
52,Graduate,3,Salaried,9.1,407921.0,33993.0,674.0,Good,965575.0,12,155199.0,66.45,1215096.0,861277.0,2264943.0,0,3,0
41,High School,1,Business,13.9,390222.0,32518.0,535.0,Fair,351102.0,48,226168.0,60.66,1787650.0,507694.0,2833271.0,1,1,0
30,Postgraduate,2,Contract,5.0,659569.0,54964.0,581.0,Fair,1657018.0,48,68346.0,17.9,391945.0,832055.0,1671129.0,0,1,0
64,Graduate,0,Salaried,5.9,694982.0,57915.0,776.0,Fair,919585.0,60,316009.0,48.65,2992796.0,1076156.0,4347932.0,0,1,1
34,High School,1,Contract,12.4,167359.0,13947.0,621.0,Fair,844584.0,36,534339.0,95.0,1640697.0,682215.0,2260709.0,0,3,0
43,Graduate,3,Salaried,0.0,603120.0,50260.0,628.0,Good,1616721.0,60,505202.0,90.2,4527048.0,625492.0,5240169.0,1,4,0
38,Graduate,4,Salaried,16.8,653659.0,54472.0,668.0,Good,892779.0,48,648962.0,95.0,509072.0,1620085.0,2168338.0,0,3,1
31,Graduate,4,Salaried,19.2,594061.0,49505.0,600.0,Fair,1080137.0,48,680151.0,95.0,3548853.0,572457.0,4378600.0,0,0,0
39,High School,4,Business,0.0,438518.0,36543.0,588.0,Good,562141.0,60,0.0,3.08,3330480.0,118309.0,3597121.0,0,0,0
27,High School,0,Self-Employed,6.5,509721.0,42477.0,676.0,Good,283274.0,24,37403.0,10.67,1347148.0,401571.0,2319300.0,0,1,1
21,High School,4,Salaried,3.4,604017.0,50335.0,613.0,Good,625337.0,48,0.0,3.11,1365433.0,1043090.0,2344236.0,1,1,0
34,High School,1,Self-Employed,5.7,673608.0,56134.0,624.0,Good,1884139.0,48,439025.0,73.57,786572.0,47041.0,851345.0,1,0,0
26,Graduate,3,Salaried,4.9,807246.0,67270.0,621.0,Good,1184859.0,60,147522.0,21.8,799196.0,236639.0,1334761.0,0,1,0
39,Postgraduate,4,Salaried,11.1,931023.0,77585.0,719.0,Poor,1023541.0,36,192380.0,25.06,1799333.0,887249.0,3040869.0,0,1,1
59,Graduate,4,Business,6.4,573470.0,47789.0,663.0,Good,460632.0,84,252349.0,45.38,1822766.0,404933.0,1960272.0,0,1,1
28,Graduate,3,Self-Employed,2.4,531399.0,44283.0,667.0,Good,1310063.0,84,384166.0,76.52,37409.0,461414.0,401741.0,1,0,1
21,Graduate,1,Business,6.1,763790.0,63649.0,725.0,Good,289038.0,72,0.0,1.0,4322856.0,875680.0,5395815.0,0,1,1
25,Graduate,2,Self-Employed,9.6,808820.0,67402.0,669.0,Good,194825.0,36,23050.0,3.81,1514531.0,249113.0,2284853.0,2,3,0
43,High School,3,Contract,1.1,537108.0,44759.0,659.0,Good,648501.0,60,300285.0,58.81,1872174.0,0.0,2499726.0,0,2,0
33,High School,2,Salaried,0.0,855502.0,71292.0,715.0,Fair,1779521.0,24,563724.0,78.37,1111139.0,13890.0,1292130.0,1,1,0
43,High School,2,Salaried,17.0,904692.0,75391.0,730.0,Good,1754052.0,72,294413.0,36.42,1506290.0,703623.0,2425784.0,0,0,1
22,Graduate,2,Salaried,3.8,985838.0,82153.0,669.0,Good,696943.0,60,125835.0,14.46,1406334.0,590696.0,2079657.0,0,1,1
35,Graduate,2,Self-Employed,6.3,1112363.0,92697.0,686.0,Good,596610.0,36,0.0,2.15,1796777.0,257602.0,2431020.0,0,0,1
39,Graduate,0,Self-Employed,5.0,424732.0,35394.0,621.0,Good,161837.0,48,509589.0,95.0,1783951.0,94423.0,2434080.0,0,0,0
40,Graduate,4,Business,9.7,653614.0,54468.0,615.0,Fair,935114.0,72,138095.0,23.99,2685353.0,405299.0,3591856.0,0,3,0
45,Postgraduate,0,Salaried,15.9,652932.0,54411.0,738.0,Poor,972906.0,72,47564.0,10.26,2049942.0,890781.0,3184923.0,0,0,1
56,Graduate,4,Salaried,9.9,624501.0,52042.0,713.0,Fair,1255300.0,60,0.0,4.82,2574711.0,207464.0,2864469.0,0,1,1
42,Graduate,0,Self-Employed,0.0,481192.0,40099.0,714.0,Fair,1309818.0,60,0.0,6.53,1789208.0,268061.0,2308908.0,0,1,1
58,Graduate,2,Contract,0.1,263754.0,21980.0,701.0,Good,811160.0,60,88533.0,40.95,2054378.0,83317.0,2663852.0,0,3,1
